as_of_date,fcm_name,adj_net_capital,customer_assets_seg,market_share_seg
2022-01-31,JP MORGAN SECURITIES LLC,24016801975,48476999953,0.17402472833097987
2022-01-31,GOLDMAN SACHS & CO LLC,22383087898,36448656784,0.13084488728705235
2022-01-31,MORGAN STANLEY & CO LLC,16804516883,25768998431,0.0925066104681402
2022-01-31,BOFA SECURITIES INC,12700247642,21707710157,0.07792723077793917
2022-01-31,CITIGROUP GLOBAL MARKETS INC,11129432850,19315886688,0.06934096451121595
2022-01-31,SG AMERICAS SECURITIES LLC,4256893577,17018347768,0.06109316479649558
2022-01-31,BARCLAYS CAPITAL INC,7221693411,10235583250,0.03674411774898099
2022-01-31,MIZUHO SECURITIES USA LLC,1186717921,10077326924,0.03617600268069066
2022-01-31,INTERACTIVE BROKERS LLC,5691077340,8090377233,0.02904316895503019
2022-01-31,ADM INVESTOR SERVICES INC,437855367,7253047803,0.026037289327153865
2022-02-28,JP MORGAN SECURITIES LLC,22877732826,51837601406,0.18018811815704094
2022-02-28,GOLDMAN SACHS & CO LLC,23544210857,38628289094,0.13427239167490443
2022-02-28,MORGAN STANLEY & CO LLC,15949384495,26347931330,0.09158572223471217
2022-02-28,BOFA SECURITIES INC,16358881543,24335206962,0.08458946842662679
2022-02-28,CITIGROUP GLOBAL MARKETS INC,10229456643,19360607212,0.06729770061282445
2022-02-28,SG AMERICAS SECURITIES LLC,4187034378,16576565235,0.05762033763499627
2022-02-28,MIZUHO SECURITIES USA LLC,1224538618,11101261313,0.03858811617251069
2022-02-28,BARCLAYS CAPITAL INC,7008201075,9740458620,0.03385794984953105
2022-02-28,INTERACTIVE BROKERS LLC,5589761255,8308290015,0.028879714768833907
2022-02-28,ADM INVESTOR SERVICES INC,432218605,7608311777,0.026446582099977387
2022-03-31,JP MORGAN SECURITIES LLC,21975341721,56802731632,0.1787095858032495
2022-03-31,GOLDMAN SACHS & CO LLC,21142437678,40010952618,0.12588022731512535
2022-03-31,MORGAN STANLEY & CO LLC,16799231334,26991664257,0.0849196684898762
2022-03-31,BOFA SECURITIES INC,14392233586,26610424668,0.08372023376051524
2022-03-31,CITIGROUP GLOBAL MARKETS INC,9929377435,20624829039,0.06488868666918272
2022-03-31,SG AMERICAS SECURITIES LLC,4089030502,18660476839,0.05870855134914228
2022-03-31,MIZUHO SECURITIES USA LLC,1358253511,16255786259,0.05114304798002826
2022-03-31,BARCLAYS CAPITAL INC,6829326497,11252625199,0.035402381729466366
2022-03-31,ADM INVESTOR SERVICES INC,497546217,8856005409,0.027862270229661534
2022-03-31,INTERACTIVE BROKERS LLC,5662961927,8809005505,0.02771440175335219
2022-04-30,JP MORGAN SECURITIES LLC,20457426161,52616181010,0.1660127196679108
2022-04-30,GOLDMAN SACHS & CO LLC,20766221175,40962110141,0.12924220605352368
2022-04-30,MORGAN STANLEY & CO LLC,14506296577,26623803378,0.08400248596235949
2022-04-30,BOFA SECURITIES INC,14615363824,26419069841,0.08335651792301925
2022-04-30,CITIGROUP GLOBAL MARKETS INC,9313093039,20778794876,0.06556052116611816
2022-04-30,SG AMERICAS SECURITIES LLC,4205502825,20035435378,0.06321509948052492
2022-04-30,MIZUHO SECURITIES USA LLC,1441775252,13821650841,0.043609585537547485
2022-04-30,BARCLAYS CAPITAL INC,6080090117,12331717168,0.03890859933080398
2022-04-30,ADM INVESTOR SERVICES INC,502807513,9262705519,0.029225361954717005
2022-04-30,INTERACTIVE BROKERS LLC,5777539976,8983228209,0.028343564997432062
2022-05-31,JP MORGAN SECURITIES LLC,23768708081,53250002572,0.16370054611734294
2022-05-31,GOLDMAN SACHS & CO LLC,22187206262,39035413926,0.1200022210132774
2022-05-31,MORGAN STANLEY & CO LLC,15555554467,28059206608,0.08625929058197301
2022-05-31,BOFA SECURITIES INC,17054843397,25771186450,0.07922548529932245
2022-05-31,CITIGROUP GLOBAL MARKETS INC,12230346621,20715213184,0.06368247037308299
2022-05-31,SG AMERICAS SECURITIES LLC,4342136776,20573552738,0.06324697945752723
2022-05-31,BARCLAYS CAPITAL INC,6743215756,13937741754,0.04284724556937423
2022-05-31,MIZUHO SECURITIES USA LLC,1378708616,13713377299,0.04215750693953738
2022-05-31,ADM INVESTOR SERVICES INC,507950232,9698678176,0.029815565020505586
2022-05-31,INTERACTIVE BROKERS LLC,5901183320,8883447146,0.027309391154272254
2022-06-30,JP MORGAN SECURITIES LLC,20480879892,49722000630,0.16174879996451766
2022-06-30,GOLDMAN SACHS & CO LLC,21854398461,40706225004,0.1324199139627951
2022-06-30,MORGAN STANLEY & CO LLC,15214169151,27757048293,0.09029542647246279
2022-06-30,BOFA SECURITIES INC,17507612951,24790850021,0.08064619665721379
2022-06-30,CITIGROUP GLOBAL MARKETS INC,11255348439,20300970657,0.066040336275275
2022-06-30,SG AMERICAS SECURITIES LLC,4495294939,20265782596,0.0659258672963982
2022-06-30,MIZUHO SECURITIES USA LLC,1437933805,13148719104,0.0427736114636409
2022-06-30,BARCLAYS CAPITAL INC,6394883213,12331094053,0.04011382567174772
2022-06-30,ADM INVESTOR SERVICES INC,499964055,9373919168,0.030493949502779488
2022-06-30,INTERACTIVE BROKERS LLC,5796037468,8228159411,0.026766720843549502
2022-07-31,JP MORGAN SECURITIES LLC,21338897605,44910354971,0.14413631748923622
2022-07-31,GOLDMAN SACHS & CO LLC,21651785215,41655023400,0.1336885821027452
2022-07-31,MORGAN STANLEY & CO LLC,16694150330,29781352926,0.09558095328733825
2022-07-31,BOFA SECURITIES INC,17258972387,26410025712,0.08476093883875536
2022-07-31,SG AMERICAS SECURITIES LLC,4276717420,21748178578,0.06979910032675957
2022-07-31,CITIGROUP GLOBAL MARKETS INC,10122198326,20131049006,0.06460904779741447
2022-07-31,MIZUHO SECURITIES USA LLC,1394629983,14328287223,0.04598553179071676
2022-07-31,BARCLAYS CAPITAL INC,6635944627,12798136242,0.041074630334999064
2022-07-31,ADM INVESTOR SERVICES INC,506114881,8920865725,0.028630829911002475
2022-07-31,BNP PARIBAS SECURITIES CORP,1994215111,8147357229,0.026148314102965097
2022-08-31,JP MORGAN SECURITIES LLC,20470263683,43102216596,0.13907435164981008
2022-08-31,GOLDMAN SACHS & CO LLC,22632311192,39225047225,0.12656421042987182
2022-08-31,MORGAN STANLEY & CO LLC,16609257726,28205163797,0.09100726547340723
2022-08-31,BOFA SECURITIES INC,18258217766,27194874453,0.08774744854073117
2022-08-31,SG AMERICAS SECURITIES LLC,4471594600,20785116057,0.06706561211660736
2022-08-31,CITIGROUP GLOBAL MARKETS INC,10295773571,20708066587,0.06681700297463097
2022-08-31,BARCLAYS CAPITAL INC,7011279353,14453116009,0.04663467211237819
2022-08-31,MIZUHO SECURITIES USA LLC,1428804517,14222682795,0.04589115235013455
2022-08-31,ADM INVESTOR SERVICES INC,513817284,9092712389,0.02933870181413653
2022-08-31,BNP PARIBAS SECURITIES CORP,1906486819,8517625457,0.027483116451559125
2022-09-30,JP MORGAN SECURITIES LLC,22913041646,43080752249,0.13976364620370643
2022-09-30,GOLDMAN SACHS & CO LLC,21435602641,39833527409,0.12922891874448056
2022-09-30,MORGAN STANLEY & CO LLC,14886036345,27675387594,0.0897851796524293
2022-09-30,BOFA SECURITIES INC,16212532890,27094017429,0.08789908412687271
2022-09-30,SG AMERICAS SECURITIES LLC,4949751615,19834661586,0.06434810164068802
2022-09-30,CITIGROUP GLOBAL MARKETS INC,10444732380,19259739877,0.062482926356211145
2022-09-30,BARCLAYS CAPITAL INC,6620511422,15955811001,0.05176423825535069
2022-09-30,MIZUHO SECURITIES USA LLC,1692125704,15696969770,0.05092449910633767
2022-09-30,ADM INVESTOR SERVICES INC,505182793,8946151677,0.029023327416432158
2022-09-30,INTERACTIVE BROKERS LLC,6129741662,8824882118,0.028629901701825493
2022-10-31,JP MORGAN SECURITIES LLC,23698943468,42142569497,0.14118096874634772
2022-10-31,GOLDMAN SACHS & CO LLC,22960200272,38173040912,0.12788273141090206
2022-10-31,MORGAN STANLEY & CO LLC,17020649756,28002324793,0.09381002128280386
2022-10-31,BOFA SECURITIES INC,18127960888,27487457854,0.09208517597576436
2022-10-31,SG AMERICAS SECURITIES LLC,4747530685,18929013099,0.06341370349805953
2022-10-31,CITIGROUP GLOBAL MARKETS INC,10901651130,18609308980,0.062342669202539634
2022-10-31,BARCLAYS CAPITAL INC,7149835826,15564595121,0.05214263495451755
2022-10-31,MIZUHO SECURITIES USA LLC,1491334552,13087127457,0.04384292069845705
2022-10-31,ADM INVESTOR SERVICES INC,516591154,8596223249,0.02879803344549484
2022-10-31,INTERACTIVE BROKERS LLC,6289516446,8241909613,0.027611054507865475
2022-11-30,JP MORGAN SECURITIES LLC,22642492132,44080470586,0.14782530100249835
2022-11-30,GOLDMAN SACHS & CO LLC,22654469546,38785782802,0.13006939220708197
2022-11-30,MORGAN STANLEY & CO LLC,17787942142,29162919689,0.09779880577108209
2022-11-30,BOFA SECURITIES INC,16744070048,26778746249,0.08980340209855193
2022-11-30,SG AMERICAS SECURITIES LLC,4823339680,18863752219,0.06326021053631548
2022-11-30,CITIGROUP GLOBAL MARKETS INC,9494860175,18387485511,0.061663034541331214
2022-11-30,BARCLAYS CAPITAL INC,6494152629,15229469423,0.051072524218431
2022-11-30,MIZUHO SECURITIES USA LLC,1554416635,13089693538,0.04389671574649345
2022-11-30,ADM INVESTOR SERVICES INC,526924408,8309246248,0.02786532928041369
2022-11-30,INTERACTIVE BROKERS LLC,6372068368,8171428231,0.02740315204918733
2022-12-31,JP MORGAN SECURITIES LLC,24988731905,42972152313,0.1451105049940987
2022-12-31,GOLDMAN SACHS & CO LLC,22213994061,37712561995,0.12734965835211748
2022-12-31,MORGAN STANLEY & CO LLC,17224053348,27676585296,0.09345967219798369
2022-12-31,BOFA SECURITIES INC,17505502305,26736563275,0.09028535900139714
2022-12-31,SG AMERICAS SECURITIES LLC,5089473536,19090336824,0.06446520055268516
2022-12-31,CITIGROUP GLOBAL MARKETS INC,12569786173,17742860050,0.05991497384496203
2022-12-31,BARCLAYS CAPITAL INC,7476166249,15730629587,0.0531199737592413
2022-12-31,MIZUHO SECURITIES USA LLC,1614160775,12804656871,0.04323940330689123
2022-12-31,ADM INVESTOR SERVICES INC,512459897,8975208867,0.030307932486869627
2022-12-31,BNP PARIBAS SECURITIES CORP,2173064824,8357034650,0.02822045099071789
2023-01-31,JP MORGAN SECURITIES LLC,25967311855,41802199808,0.14128396550614353
2023-01-31,GOLDMAN SACHS & CO LLC,22721081806,39181511257,0.13242650650775442
2023-01-31,MORGAN STANLEY & CO LLC,17482151022,27456531872,0.0927981713818705
2023-01-31,BOFA SECURITIES INC,17750211440,26849359705,0.09074603795605253
2023-01-31,SG AMERICAS SECURITIES LLC,4910761774,19153794533,0.06473640283385855
2023-01-31,CITIGROUP GLOBAL MARKETS INC,11768121670,17773533442,0.06007136699206068
2023-01-31,BARCLAYS CAPITAL INC,6733944708,14997837110,0.050690009393009966
2023-01-31,MIZUHO SECURITIES USA LLC,1277556399,11609325245,0.039237444799502676
2023-01-31,ADM INVESTOR SERVICES INC,521975143,8908937213,0.030110615797233845
2023-01-31,INTERACTIVE BROKERS LLC,6515191310,7820454651,0.02643173924408614
2023-02-28,JP MORGAN SECURITIES LLC,26185291300,42372305937,0.14856079282171739
2023-02-28,GOLDMAN SACHS & CO LLC,22723801321,36500463956,0.12797363144989604
2023-02-28,MORGAN STANLEY & CO LLC,17027260984,26410152777,0.09259616979371763
2023-02-28,BOFA SECURITIES INC,17098848648,25194369891,0.08833353490875806
2023-02-28,SG AMERICAS SECURITIES LLC,5080778205,18856323560,0.06611182270659222
2023-02-28,CITIGROUP GLOBAL MARKETS INC,12304792304,17548322373,0.06152586286665849
2023-02-28,BARCLAYS CAPITAL INC,6931578547,14514258439,0.05088818494143552
2023-02-28,MIZUHO SECURITIES USA LLC,1204825018,11330128720,0.039724364020167914
2023-02-28,ADM INVESTOR SERVICES INC,541963010,8834191072,0.030973401153720118
2023-02-28,INTERACTIVE BROKERS LLC,6661826604,7582077875,0.026583389207581853
2023-03-31,JP MORGAN SECURITIES LLC,24528009261,39985950602,0.13472074976689258
2023-03-31,GOLDMAN SACHS & CO LLC,22533929006,38555464241,0.12990115207860867
2023-03-31,BOFA SECURITIES INC,17056072127,28727301761,0.09678808615914505
2023-03-31,MORGAN STANLEY & CO LLC,17616296986,28211068414,0.09504879166906897
2023-03-31,CITIGROUP GLOBAL MARKETS INC,15117313443,20267651364,0.06828581405878822
2023-03-31,SG AMERICAS SECURITIES LLC,4808253188,19047273250,0.06417411352292644
2023-03-31,BARCLAYS CAPITAL INC,6893833737,15799660279,0.05323224899754182
2023-03-31,MIZUHO SECURITIES USA LLC,1358835939,10771008146,0.03628970354156963
2023-03-31,ADM INVESTOR SERVICES INC,529215006,9003060416,0.030333130291505077
2023-03-31,INTERACTIVE BROKERS LLC,6537294899,7525154548,0.02535376669943653
2023-04-30,JP MORGAN SECURITIES LLC,26226114940,40017182163,0.13471615349773378
2023-04-30,GOLDMAN SACHS & CO LLC,22678233072,38946331032,0.13111117839605355
2023-04-30,BOFA SECURITIES INC,19171399467,29652010925,0.09982224233125045
2023-04-30,MORGAN STANLEY & CO LLC,17684485119,28732555943,0.0967269359704769
2023-04-30,CITIGROUP GLOBAL MARKETS INC,15620608550,19811566186,0.06669480076014438
2023-04-30,SG AMERICAS SECURITIES LLC,5120651067,18997796149,0.06395527830277078
2023-04-30,BARCLAYS CAPITAL INC,6516045405,17247990752,0.058064632342412055
2023-04-30,MIZUHO SECURITIES USA LLC,1165859659,10417034785,0.03506850760683562
2023-04-30,ADM INVESTOR SERVICES INC,545498377,8630268490,0.029053434344521945
2023-04-30,INTERACTIVE BROKERS LLC,6855999008,7410429950,0.024946899423404154
2023-05-31,JP MORGAN SECURITIES LLC,25680275802,43590991809,0.14636840566742057
2023-05-31,GOLDMAN SACHS & CO LLC,22793076376,38931513068,0.13072296044447887
2023-05-31,BOFA SECURITIES INC,19915978956,29472363212,0.09896133663333916
2023-05-31,MORGAN STANLEY & CO LLC,17916269146,28575241341,0.09594901017554719
2023-05-31,CITIGROUP GLOBAL MARKETS INC,16389514625,20081936253,0.06743046831661008
2023-05-31,SG AMERICAS SECURITIES LLC,5171903575,19037045288,0.06392196763111373
2023-05-31,BARCLAYS CAPITAL INC,5938402207,16492121694,0.055376706476439226
2023-05-31,MIZUHO SECURITIES USA LLC,1123253420,10010429460,0.03361269242338881
2023-05-31,ADM INVESTOR SERVICES INC,562810342,8459198500,0.028404019873977712
2023-05-31,INTERACTIVE BROKERS LLC,6854617769,7211076881,0.024213117949733087
2023-06-30,JP MORGAN SECURITIES LLC,24578018943,41045435341,0.1400121381055611
2023-06-30,GOLDMAN SACHS & CO LLC,23148695059,37263596116,0.12711171710954328
2023-06-30,BOFA SECURITIES INC,19764801690,30373492662,0.10360854048713768
2023-06-30,MORGAN STANLEY & CO LLC,17449487861,28353132613,0.09671678923992934
2023-06-30,SG AMERICAS SECURITIES LLC,4728071453,18844463820,0.06428129337577171
2023-06-30,CITIGROUP GLOBAL MARKETS INC,15267035410,18421706705,0.06283920542911609
2023-06-30,BARCLAYS CAPITAL INC,6674263252,17077350478,0.05825340464142711
2023-06-30,MIZUHO SECURITIES USA LLC,1464679641,9423689202,0.032145617729539305
2023-06-30,ADM INVESTOR SERVICES INC,507070468,8377674900,0.028577506009069293
2023-06-30,INTERACTIVE BROKERS LLC,6871263888,7038622800,0.024009798394369796
2023-07-31,JP MORGAN SECURITIES LLC,27440540029,40557268769,0.13864382122128735
2023-07-31,GOLDMAN SACHS & CO LLC,23061294094,36745870510,0.12561466923786221
2023-07-31,BOFA SECURITIES INC,19409634511,31292654904,0.1069730133150825
2023-07-31,MORGAN STANLEY & CO LLC,18930023194,27350121146,0.09349557851501424
2023-07-31,CITIGROUP GLOBAL MARKETS INC,16408940303,18597766772,0.0635759144960772
2023-07-31,SG AMERICAS SECURITIES LLC,5207331094,18439844778,0.06303606284019399
2023-07-31,BARCLAYS CAPITAL INC,6792868248,15566685619,0.05321425341191275
2023-07-31,MIZUHO SECURITIES USA LLC,1431017662,9028278745,0.030862903303155324
2023-07-31,ADM INVESTOR SERVICES INC,520481597,8463679958,0.028932839083781272
2023-07-31,MAREX CAPITAL MARKETS INC,540978602,7416482738,0.02535302642479662
2023-08-31,JP MORGAN SECURITIES LLC,28709011160,40931385142,0.14566443743041602
2023-08-31,GOLDMAN SACHS & CO LLC,23220197609,36289055533,0.12914356161554721
2023-08-31,BOFA SECURITIES INC,24372893598,30086335865,0.10706965261287599
2023-08-31,MORGAN STANLEY & CO LLC,18766302202,27360330347,0.09736848909656413
2023-08-31,SG AMERICAS SECURITIES LLC,5238095731,18622415283,0.06627246149582007
2023-08-31,CITIGROUP GLOBAL MARKETS INC,16398223270,17570592107,0.06252928909457386
2023-08-31,BARCLAYS CAPITAL INC,6480276403,15462312635,0.05502645619093348
2023-08-31,MIZUHO SECURITIES USA LLC,1493735137,8837111502,0.03144904261077226
2023-08-31,ADM INVESTOR SERVICES INC,535756287,8021982174,0.02854820369256234
2023-08-31,MAREX CAPITAL MARKETS INC,560919757,7287378591,0.025933935514712094
2023-09-30,JP MORGAN SECURITIES LLC,25405614156,40630595781,0.14448270185667345
2023-09-30,GOLDMAN SACHS & CO LLC,21011574324,37035893334,0.13169991312493085
2023-09-30,BOFA SECURITIES INC,22997306433,28821753039,0.10249036892704946
2023-09-30,MORGAN STANLEY & CO LLC,18946683474,27628256136,0.09824628503193587
2023-09-30,SG AMERICAS SECURITIES LLC,5219194991,18269490823,0.06496644572677182
2023-09-30,CITIGROUP GLOBAL MARKETS INC,16400858606,17603567910,0.06259841887781534
2023-09-30,BARCLAYS CAPITAL INC,6591754264,15520782751,0.05519201930687862
2023-09-30,MIZUHO SECURITIES USA LLC,1406617544,8964303848,0.03187713139143483
2023-09-30,ADM INVESTOR SERVICES INC,478488477,7587147399,0.02697995277994352
2023-09-30,MAREX CAPITAL MARKETS INC,576726964,7304057995,0.025973284746391278
2023-10-31,JP MORGAN SECURITIES LLC,25493232834,39687599121,0.1421392193296883
2023-10-31,GOLDMAN SACHS & CO LLC,21185204773,36570510420,0.13097551670331567
2023-10-31,BOFA SECURITIES INC,23441474916,27918476573,0.09998867537594758
2023-10-31,MORGAN STANLEY & CO LLC,18585736520,27408292683,0.09816147641593762
2023-10-31,SG AMERICAS SECURITIES LLC,5164353866,19136458293,0.0685363010800746
2023-10-31,CITIGROUP GLOBAL MARKETS INC,16750683302,16800566841,0.06017041866894913
2023-10-31,BARCLAYS CAPITAL INC,6207750649,16212428780,0.058064030610711
2023-10-31,MIZUHO SECURITIES USA LLC,1446230660,9237139392,0.033082368576023584
2023-10-31,ADM INVESTOR SERVICES INC,490505340,7539544599,0.0270025148191989
2023-10-31,INTERACTIVE BROKERS LLC,7477581815,7288726422,0.026104221632861725
2023-11-30,JP MORGAN SECURITIES LLC,27965212093,40904220454,0.14588050502059235
2023-11-30,GOLDMAN SACHS & CO LLC,21170453427,34645365922,0.12355897316288653
2023-11-30,BOFA SECURITIES INC,22355064171,29483576916,0.10515000756844783
2023-11-30,MORGAN STANLEY & CO LLC,18539040138,26619353482,0.09493506259684954
2023-11-30,SG AMERICAS SECURITIES LLC,5354262565,18275270201,0.0651767865691951
2023-11-30,BARCLAYS CAPITAL INC,6077912770,17176526390,0.061258234882892115
2023-11-30,CITIGROUP GLOBAL MARKETS INC,17285075665,16644121679,0.059359470714941145
2023-11-30,MIZUHO SECURITIES USA LLC,1459978811,10304244725,0.03674898109913201
2023-11-30,ADM INVESTOR SERVICES INC,506684719,7495641889,0.02673240101105257
2023-11-30,INTERACTIVE BROKERS LLC,7549177357,7300533353,0.02603656739169496
2023-12-31,JP MORGAN SECURITIES LLC,27864509235,42066956754,0.145197109481695
2023-12-31,GOLDMAN SACHS & CO LLC,20263060491,36681826019,0.12660994565438327
2023-12-31,BOFA SECURITIES INC,19426116832,30858449324,0.10651014455677554
2023-12-31,MORGAN STANLEY & CO LLC,18120974852,27688480382,0.0955687700661813
2023-12-31,SG AMERICAS SECURITIES LLC,5316220095,18434287826,0.06362726268365705
2023-12-31,CITIGROUP GLOBAL MARKETS INC,17733814598,18096952594,0.06246292600726842
2023-12-31,BARCLAYS CAPITAL INC,7391825096,17591947063,0.06071986330362998
2023-12-31,MIZUHO SECURITIES USA LLC,1553630374,10520613027,0.03631264820102812
2023-12-31,INTERACTIVE BROKERS LLC,7319359731,7404340585,0.025556611020068055
2023-12-31,ADM INVESTOR SERVICES INC,423201578,7380066733,0.02547282808404544
2024-01-31,JP MORGAN SECURITIES LLC,25266809710,41119063938,0.14160569658135272
2024-01-31,GOLDMAN SACHS & CO LLC,21260650709,36826095702,0.12682158674906138
2024-01-31,BOFA SECURITIES INC,19134163170,29813461220,0.10267149928132796
2024-01-31,MORGAN STANLEY & CO LLC,18363981874,27992876246,0.09640177476090754
2024-01-31,SG AMERICAS SECURITIES LLC,5235302992,18767466988,0.0646313408279533
2024-01-31,CITIGROUP GLOBAL MARKETS INC,17525772623,18500166546,0.06371081244863547
2024-01-31,BARCLAYS CAPITAL INC,5760136988,17710184556,0.0609902750806315
2024-01-31,MIZUHO SECURITIES USA LLC,1539764843,10611133784,0.036542587478812394
2024-01-31,WELLS FARGO SECURITIES LLC,9925639421,7618439887,0.026236358120614107
2024-01-31,BNP PARIBAS SECURITIES CORP,2529849904,7466333904,0.025712536038735412
2024-02-29,JP MORGAN SECURITIES LLC,25254059134,42473192961,0.14769847899984412
2024-02-29,GOLDMAN SACHS & CO LLC,21064564722,37761943272,0.13131533554527192
2024-02-29,MORGAN STANLEY & CO LLC,18064356060,28417142079,0.09881924032517918
2024-02-29,BOFA SECURITIES INC,19057301999,28117232952,0.09777632080799702
2024-02-29,SG AMERICAS SECURITIES LLC,5263440326,18895163248,0.06570701841855704
2024-02-29,CITIGROUP GLOBAL MARKETS INC,17917508780,17413060541,0.06055307777306671
2024-02-29,BARCLAYS CAPITAL INC,5678713987,17284201612,0.06010497706549041
2024-02-29,MIZUHO SECURITIES USA LLC,1610122863,9641014459,0.03352616255898927
2024-02-29,UBS SECURITIES LLC,4316797633,7399449878,0.025731229894105208
2024-02-29,BNP PARIBAS SECURITIES CORP,2374864624,7320226239,0.02545573351237857
2024-03-31,JP MORGAN SECURITIES LLC,25460811968,41594948834,0.14279472265912518
2024-03-31,GOLDMAN SACHS & CO LLC,21147290778,37388524013,0.12835414074860782
2024-03-31,BOFA SECURITIES INC,20287516750,28846786804,0.09903050819278938
2024-03-31,MORGAN STANLEY & CO LLC,18627911209,28202430047,0.0968184428582087
2024-03-31,SG AMERICAS SECURITIES LLC,5282411437,20126097077,0.06909253481210437
2024-03-31,BARCLAYS CAPITAL INC,7000277467,17681367779,0.06069982243066262
2024-03-31,CITIGROUP GLOBAL MARKETS INC,18811102405,17222007130,0.05912284545838051
2024-03-31,MIZUHO SECURITIES USA LLC,1657585474,10393840826,0.03568187147037861
2024-03-31,INTERACTIVE BROKERS LLC,7764510558,7816287286,0.02683317581860056
2024-03-31,ADM INVESTOR SERVICES INC,441065671,7507245269,0.025772240047681666
2024-04-30,JP MORGAN SECURITIES LLC,24836514608,40732557120,0.14451294160964293
2024-04-30,GOLDMAN SACHS & CO LLC,20012123109,34749524926,0.12328604982494823
2024-04-30,BOFA SECURITIES INC,19668547428,28281665953,0.10033906608044832
2024-04-30,MORGAN STANLEY & CO LLC,18946316501,26929155753,0.09554056479845843
2024-04-30,SG AMERICAS SECURITIES LLC,5455499218,19156743317,0.06796522300931689
2024-04-30,BARCLAYS CAPITAL INC,6379512441,18834260821,0.06682110397015896
2024-04-30,CITIGROUP GLOBAL MARKETS INC,17941582174,16742320584,0.059399216941809205
2024-04-30,MIZUHO SECURITIES USA LLC,1599567034,10090146030,0.03579830944004727
2024-04-30,INTERACTIVE BROKERS LLC,7913713778,7987383775,0.028338027531387755
2024-04-30,ADM INVESTOR SERVICES INC,458358429,7406975731,0.026278827724087784
2024-05-31,JP MORGAN SECURITIES LLC,25399404444,44651744340,0.1530936990009195
2024-05-31,GOLDMAN SACHS & CO LLC,21150500409,36888902560,0.12647789304696375
2024-05-31,BOFA SECURITIES INC,18948695938,29498119497,0.1011377336791155
2024-05-31,MORGAN STANLEY & CO LLC,19235673010,28535500615,0.09783728287810409
2024-05-31,SG AMERICAS SECURITIES LLC,5296860658,20091761171,0.06888694008659273
2024-05-31,BARCLAYS CAPITAL INC,7220273850,17593961320,0.060322942773480465
2024-05-31,CITIGROUP GLOBAL MARKETS INC,18251509082,16444254302,0.05638103853760808
2024-05-31,MIZUHO SECURITIES USA LLC,1277898609,9959229462,0.034146376587815906
2024-05-31,INTERACTIVE BROKERS LLC,8277450527,8262704346,0.02832964290147401
2024-05-31,UBS SECURITIES LLC,3716497967,7617406713,0.026117164910910744
2024-06-30,JP MORGAN SECURITIES LLC,24651574741,40313784662,0.14623869522469513
2024-06-30,GOLDMAN SACHS & CO LLC,20151318910,33995719070,0.12331984311828306
2024-06-30,MORGAN STANLEY & CO LLC,18298269462,26627437603,0.09659132142733733
2024-06-30,BOFA SECURITIES INC,19334127765,26041742576,0.0944667063045898
2024-06-30,SG AMERICAS SECURITIES LLC,5488978769,18954054988,0.06875604198171387
2024-06-30,CITIGROUP GLOBAL MARKETS INC,18131510642,16736215639,0.060710805461872394
2024-06-30,BARCLAYS CAPITAL INC,6144854171,16394324736,0.05947059246815065
2024-06-30,MIZUHO SECURITIES USA LLC,1392393041,10296575045,0.037350938704678156
2024-06-30,INTERACTIVE BROKERS LLC,8115873255,8098904650,0.02937886528628539
2024-06-30,BNP PARIBAS SECURITIES CORP,2423403377,7336668729,0.026613846137748226
2024-07-31,JP MORGAN SECURITIES LLC,25189070416,42061145597,0.14284179788486637
2024-07-31,GOLDMAN SACHS & CO LLC,21061794593,37245234460,0.12648671778662252
2024-07-31,MORGAN STANLEY & CO LLC,18205312857,29724838930,0.1009470706119357
2024-07-31,BOFA SECURITIES INC,19380024906,28449240170,0.09661507209710918
2024-07-31,SG AMERICAS SECURITIES LLC,5448792710,20334815721,0.06905807238527187
2024-07-31,CITIGROUP GLOBAL MARKETS INC,17116228796,17278405760,0.05867834811229359
2024-07-31,BARCLAYS CAPITAL INC,7155020802,17008758691,0.05776261289910216
2024-07-31,INTERACTIVE BROKERS LLC,8503022203,8852528708,0.030063639459413677
2024-07-31,MIZUHO SECURITIES USA LLC,1412691454,8813540140,0.029931232291919088
2024-07-31,BNP PARIBAS SECURITIES CORP,2597252609,8029880316,0.027269883519757208
2024-08-31,JP MORGAN SECURITIES LLC,26159951668,44877257896,0.1547850169782462
2024-08-31,GOLDMAN SACHS & CO LLC,20277293665,34550267588,0.11916645548185766
2024-08-31,MORGAN STANLEY & CO LLC,18452118372,28802133692,0.09934071201180275
2024-08-31,BOFA SECURITIES INC,19754550500,28505133618,0.09831633655635122
2024-08-31,SG AMERICAS SECURITIES LLC,5462305117,19155962346,0.06607034600535466
2024-08-31,CITIGROUP GLOBAL MARKETS INC,16866744223,17819621368,0.06146120608312933
2024-08-31,BARCLAYS CAPITAL INC,7585973108,16939834289,0.05842675468514419
2024-08-31,MIZUHO SECURITIES USA LLC,1654002038,8968551752,0.030933205375886667
2024-08-31,INTERACTIVE BROKERS LLC,8915283097,8687230369,0.02996290689764832
2024-08-31,BNP PARIBAS SECURITIES CORP,2476350684,8034072812,0.027710117661193523
2024-09-30,JP MORGAN SECURITIES LLC,23932454484,46297268774,0.1575870923109747
2024-09-30,GOLDMAN SACHS & CO LLC,19414501045,34715883769,0.11816626174792398
2024-09-30,MORGAN STANLEY & CO LLC,17159696627,29572818758,0.10066024720079896
2024-09-30,BOFA SECURITIES INC,18879175856,29547057654,0.1005725613052465
2024-09-30,SG AMERICAS SECURITIES LLC,5605236534,19698367888,0.06704949559540935
2024-09-30,CITIGROUP GLOBAL MARKETS INC,17256296385,17720006823,0.06031553102189489
2024-09-30,BARCLAYS CAPITAL INC,7573008731,16466204812,0.056047827581079755
2024-09-30,MIZUHO SECURITIES USA LLC,1535275220,8885422441,0.030244287050000335
2024-09-30,INTERACTIVE BROKERS LLC,8698676940,8690061157,0.029579314417468115
2024-09-30,BNP PARIBAS SECURITIES CORP,2369665594,8109867605,0.02760444598011868
2024-10-31,JP MORGAN SECURITIES LLC,23639453872,45014862061,0.15651866652876076
2024-10-31,GOLDMAN SACHS & CO LLC,19731029551,34566244349,0.12018836057036678
2024-10-31,MORGAN STANLEY & CO LLC,16545533658,28840558530,0.10027989771340858
2024-10-31,BOFA SECURITIES INC,20179434608,28178545218,0.09797804814474577
2024-10-31,SG AMERICAS SECURITIES LLC,5556209592,20257362451,0.0704357452861619
2024-10-31,BARCLAYS CAPITAL INC,6496648484,16316104827,0.05673181819384175
2024-10-31,CITIGROUP GLOBAL MARKETS INC,16426878073,16203874109,0.05634158702305373
2024-10-31,INTERACTIVE BROKERS LLC,8979390586,8441958302,0.029353062429246245
2024-10-31,MAREX CAPITAL MARKETS INC,604866155,8012001331,0.027858083022789967
2024-10-31,MIZUHO SECURITIES USA LLC,1528520439,7918783100,0.027533959110280396
2024-11-30,JP MORGAN SECURITIES LLC,24144434138,46864350594,0.15489775067145475
2024-11-30,GOLDMAN SACHS & CO LLC,20516827556,38740599522,0.12804683409802153
2024-11-30,MORGAN STANLEY & CO LLC,18126099578,32091482719,0.10606993217401758
2024-11-30,BOFA SECURITIES INC,20776925016,27418819396,0.0906256759493219
2024-11-30,SG AMERICAS SECURITIES LLC,5579442267,19824407394,0.0655243500614794
2024-11-30,CITIGROUP GLOBAL MARKETS INC,16881181930,17861027140,0.059034914462722035
2024-11-30,BARCLAYS CAPITAL INC,6726162806,15680692125,0.051828392122114764
2024-11-30,MAREX CAPITAL MARKETS INC,602141643,8499718011,0.02809357613106694
2024-11-30,BNP PARIBAS SECURITIES CORP,2411789812,8346671848,0.02758772240436168
2024-11-30,UBS SECURITIES LLC,3742048949,8257997503,0.02729463274433931
2024-12-31,JP MORGAN SECURITIES LLC,24979867550,45007027953,0.15246983496057565
2024-12-31,GOLDMAN SACHS & CO LLC,21449528617,37326928548,0.12645204302852447
2024-12-31,MORGAN STANLEY & CO LLC,18483351800,30588704402,0.1036250319994724
2024-12-31,BOFA SECURITIES INC,20966832996,28403314366,0.09622160917267816
2024-12-31,SG AMERICAS SECURITIES LLC,5675730017,20817209370,0.07052224111083705
2024-12-31,CITIGROUP GLOBAL MARKETS INC,17907413628,16860913646,0.05711953972110214
2024-12-31,BARCLAYS CAPITAL INC,8565171800,16104152668,0.05455586851977873
2024-12-31,MAREX CAPITAL MARKETS INC,632590854,8689328158,0.029436745557873092
2024-12-31,BNP PARIBAS SECURITIES CORP,2503740966,8145345638,0.027593901699521643
2024-12-31,MIZUHO SECURITIES USA LLC,1359547313,8065456567,0.02732326233441529
2025-01-31,JP MORGAN SECURITIES LLC,25225798993,48706384647,0.15988915221842415
2025-01-31,GOLDMAN SACHS & CO LLC,22777992445,37528113056,0.12319407864838511
2025-01-31,MORGAN STANLEY & CO LLC,18096206522,29770410411,0.09772775615162645
2025-01-31,BOFA SECURITIES INC,18828932472,29340700383,0.09631714083754345
2025-01-31,SG AMERICAS SECURITIES LLC,5685097564,21966639964,0.07211020621600675
2025-01-31,CITIGROUP GLOBAL MARKETS INC,18591595783,17210764750,0.05649802597445985
2025-01-31,BARCLAYS CAPITAL INC,7087652025,16816615645,0.05520414701582148
2025-01-31,MAREX CAPITAL MARKETS INC,650897058,9056595708,0.029730217511151888
2025-01-31,BNP PARIBAS SECURITIES CORP,2023828386,8492547383,0.02787860792961365
2025-01-31,MIZUHO SECURITIES USA LLC,1350885196,8482089632,0.027844278119392264
2025-02-28,JP MORGAN SECURITIES LLC,24281145308,55583528598,0.17865960400363473
2025-02-28,GOLDMAN SACHS & CO LLC,23405715199,37752138113,0.12134497783218814
2025-02-28,MORGAN STANLEY & CO LLC,18401266269,31222747363,0.10035785457456232
2025-02-28,BOFA SECURITIES INC,16909536796,27347928424,0.08790320056664039
2025-02-28,SG AMERICAS SECURITIES LLC,5507491584,22051249558,0.07087832696464258
2025-02-28,CITIGROUP GLOBAL MARKETS INC,17736289005,17828602298,0.057305664228981375
2025-02-28,BARCLAYS CAPITAL INC,7274071436,16059413755,0.05161904208618491
2025-02-28,BNP PARIBAS SECURITIES CORP,2394711393,8357707456,0.026863798361317293
2025-02-28,WELLS FARGO SECURITIES LLC,9157139977,8345005487,0.02682297100096709
2025-02-28,INTERACTIVE BROKERS LLC,9722633503,8233346783,0.026464071515033466
2025-03-31,JP MORGAN SECURITIES LLC,25642401606,57360464225,0.18348212200695233
2025-03-31,GOLDMAN SACHS & CO LLC,22571450687,38205093388,0.12220876697941375
2025-03-31,MORGAN STANLEY & CO LLC,18353416339,30692161453,0.09817673180409874
2025-03-31,BOFA SECURITIES INC,17371216030,29000027466,0.09276400826969737
2025-03-31,SG AMERICAS SECURITIES LLC,5759914192,22379302849,0.07158592649571176
2025-03-31,CITIGROUP GLOBAL MARKETS INC,19371841751,17871295559,0.057165911686425916
2025-03-31,BARCLAYS CAPITAL INC,7258475653,15427361545,0.04934836339785663
2025-03-31,BNP PARIBAS SECURITIES CORP,2560345338,8902855443,0.028478061164136013
2025-03-31,INTERACTIVE BROKERS LLC,9665898575,8455355429,0.027046617864709667
2025-03-31,WELLS FARGO SECURITIES LLC,9805524660,8214434199,0.026275969664522007
2025-04-30,JP MORGAN SECURITIES LLC,24616208549,66668435918,0.19201721386243964
2025-04-30,GOLDMAN SACHS & CO LLC,22631812081,41998982104,0.12096470267560572
2025-04-30,MORGAN STANLEY & CO LLC,17538349323,34439508153,0.09919204360014659
2025-04-30,BOFA SECURITIES INC,19423073479,31314302275,0.09019088259828696
2025-04-30,SG AMERICAS SECURITIES LLC,5765294601,23423836725,0.06746490755288327
2025-04-30,CITIGROUP GLOBAL MARKETS INC,18843312577,21863395750,0.0629705539012568
2025-04-30,BARCLAYS CAPITAL INC,6468164178,17165186881,0.04943885835827477
2025-04-30,BNP PARIBAS SECURITIES CORP,2540195121,10144720002,0.02921863762627537
2025-04-30,INTERACTIVE BROKERS LLC,9977594277,8959659211,0.025805447137971123
2025-04-30,MIZUHO SECURITIES USA LLC,1437905297,8859743762,0.02551767248307458
2025-05-31,JP MORGAN SECURITIES LLC,26461441539,68366749812,0.19709224146483423
2025-05-31,GOLDMAN SACHS & CO LLC,21779848220,41167746371,0.11868113418625631
2025-05-31,MORGAN STANLEY & CO LLC,17328042883,34815431691,0.10036825632949126
2025-05-31,BOFA SECURITIES INC,20245483711,31076377777,0.08958906148851066
2025-05-31,SG AMERICAS SECURITIES LLC,5819074942,23552293627,0.06789812818874977
2025-05-31,CITIGROUP GLOBAL MARKETS INC,18789393079,21449479686,0.06183599543920598
2025-05-31,BARCLAYS CAPITAL INC,6956914030,16553973434,0.047722902408382506
2025-05-31,BNP PARIBAS SECURITIES CORP,2540627497,9855542432,0.028412217256431824
2025-05-31,WELLS FARGO SECURITIES LLC,9689548414,9201471491,0.02652661777725231
2025-05-31,INTERACTIVE BROKERS LLC,10047298166,8683676574,0.0250338839396593
2025-06-30,JP MORGAN SECURITIES LLC,24858439762,67616787774,0.1925218119808425
2025-06-30,GOLDMAN SACHS & CO LLC,20611345305,42580734989,0.12123794290492053
2025-06-30,MORGAN STANLEY & CO LLC,17563305849,36428707814,0.10372159144727544
2025-06-30,BOFA SECURITIES INC,20210016917,32562750093,0.09271424830083808
2025-06-30,SG AMERICAS SECURITIES LLC,5762559190,22909649257,0.06522946936706107
2025-06-30,CITIGROUP GLOBAL MARKETS INC,19537702351,22530641063,0.06415033877439894
2025-06-30,BARCLAYS CAPITAL INC,7819970791,16089988360,0.04581219865355659
2025-06-30,INTERACTIVE BROKERS LLC,9738692434,9149633599,0.0260512824910859
2025-06-30,BNP PARIBAS SECURITIES CORP,4182342097,9021368920,0.025686081048852994
2025-06-30,WELLS FARGO SECURITIES LLC,8896822573,8559007490,0.024369623062248057
2025-07-31,JP MORGAN SECURITIES LLC,28577250077,67920884020,0.19150638793388364
2025-07-31,GOLDMAN SACHS & CO LLC,22356048270,40832861619,0.11513033068527488
2025-07-31,MORGAN STANLEY & CO LLC,18049218819,34678865533,0.09777882563946176
2025-07-31,BOFA SECURITIES INC,20513160366,32172433878,0.09071181407478814
2025-07-31,SG AMERICAS SECURITIES LLC,5928539373,23399262326,0.0659754105534044
2025-07-31,CITIGROUP GLOBAL MARKETS INC,18819690729,21687255607,0.0611483205117364
2025-07-31,BARCLAYS CAPITAL INC,7199497108,17959314585,0.05063720114315533
2025-07-31,MAREX CAPITAL MARKETS INC,739832118,9617501486,0.02711703472514106
2025-07-31,BNP PARIBAS SECURITIES CORP,4267172676,9447378248,0.026637363600669196
2025-07-31,INTERACTIVE BROKERS LLC,10056974131,9125000766,0.025728403889384206
2025-08-31,JP MORGAN SECURITIES LLC,25939089686,72540170335,0.2025153800538115
2025-08-31,GOLDMAN SACHS & CO LLC,21903581665,41108091171,0.11476428395929818
2025-08-31,MORGAN STANLEY & CO LLC,18679250327,33347390915,0.09309820357143288
2025-08-31,BOFA SECURITIES INC,22681522572,33051215083,0.09227134914162885
2025-08-31,SG AMERICAS SECURITIES LLC,5844204987,23351243210,0.06519127087189153
2025-08-31,CITIGROUP GLOBAL MARKETS INC,17749789572,21146083359,0.05903497452957096
2025-08-31,BARCLAYS CAPITAL INC,7906888532,18795767246,0.052473435472346855
2025-08-31,INTERACTIVE BROKERS LLC,10431004743,10166079791,0.02838134378543623
2025-08-31,BNP PARIBAS SECURITIES CORP,4197463763,9842480346,0.027477928970076223
2025-08-31,WELLS FARGO SECURITIES LLC,9347498139,9001839614,0.025131054451537165
2025-09-30,JP MORGAN SECURITIES LLC,25242697213,73487525716,0.20181290047954875
2025-09-30,GOLDMAN SACHS & CO LLC,22256506010,41077784300,0.11280862587337502
2025-09-30,MORGAN STANLEY & CO LLC,18525577565,34415412684,0.09451228881756316
2025-09-30,BOFA SECURITIES INC,18616296784,32559811172,0.08941639914618969
2025-09-30,SG AMERICAS SECURITIES LLC,5779973356,23929879468,0.06571670955730127
2025-09-30,CITIGROUP GLOBAL MARKETS INC,19123994728,22031673039,0.060503817417948566
2025-09-30,BARCLAYS CAPITAL INC,7621580433,18943382951,0.05202269393326139
2025-09-30,INTERACTIVE BROKERS LLC,10442869397,10199120169,0.028009026070627534
2025-09-30,MAREX CAPITAL MARKETS INC,774818413,9601364546,0.026367457724432358
2025-09-30,BNP PARIBAS SECURITIES CORP,4108937262,9226827948,0.025338897891431126
2025-10-31,JP MORGAN SECURITIES LLC,25420106607,72097180838,0.19919015857951267
2025-10-31,GOLDMAN SACHS & CO LLC,22893895830,41213389302,0.11386439046917247
2025-10-31,MORGAN STANLEY & CO LLC,18388689707,33237297483,0.09182803653958883
2025-10-31,BOFA SECURITIES INC,19936960760,32724930824,0.09041246945540024
2025-10-31,SG AMERICAS SECURITIES LLC,5875529017,23363995952,0.06455006984513144
2025-10-31,CITIGROUP GLOBAL MARKETS INC,17951245010,21756019463,0.06010755089899226
2025-10-31,BARCLAYS CAPITAL INC,6803812522,19541712627,0.05398986190366795
2025-10-31,INTERACTIVE BROKERS LLC,10686189704,10317797013,0.02850601922741844
2025-10-31,MAREX CAPITAL MARKETS INC,815437272,9494752870,0.02623211210016915
2025-10-31,BNP PARIBAS SECURITIES CORP,4264158563,9136482588,0.02524228263032817
2025-11-30,JP MORGAN SECURITIES LLC,23359971546,70710957391,0.19698064348476305
2025-11-30,GOLDMAN SACHS & CO LLC,21139006074,39970441211,0.11134629653755457
2025-11-30,BOFA SECURITIES INC,22019871971,34110448962,0.09502202252665477
2025-11-30,MORGAN STANLEY & CO LLC,19137011445,33376584550,0.0929776847119793
2025-11-30,SG AMERICAS SECURITIES LLC,6199058016,24059804467,0.06702378161592323
2025-11-30,CITIGROUP GLOBAL MARKETS INC,17861667769,22382694008,0.0623518282214569
2025-11-30,BARCLAYS CAPITAL INC,7601106316,20814850412,0.057984261272591736
2025-11-30,INTERACTIVE BROKERS LLC,11043681215,10126988886,0.028210914700204894
2025-11-30,BNP PARIBAS SECURITIES CORP,4145513520,9420514968,0.026242879022179214
2025-11-30,MAREX CAPITAL MARKETS INC,874723069,9109829785,0.025377398345257835
2025-12-31,JP MORGAN SECURITIES LLC,27196138119,69214857209,0.19716404201371698
2025-12-31,GOLDMAN SACHS & CO LLC,23095650423,36959856264,0.10528309884757935
2025-12-31,BOFA SECURITIES INC,22960699975,33083330140,0.09424050495373217
2025-12-31,MORGAN STANLEY & CO LLC,19271653252,32675428413,0.09307856434614195
2025-12-31,SG AMERICAS SECURITIES LLC,6295460649,24035270746,0.06846638600822266
2025-12-31,BARCLAYS CAPITAL INC,9947700759,21274801296,0.060602968577859004
2025-12-31,CITIGROUP GLOBAL MARKETS INC,18415966341,21071410142,0.06002359265122254
2025-12-31,INTERACTIVE BROKERS LLC,10608760610,9888270514,0.02816752734428508
2025-12-31,BNP PARIBAS SECURITIES CORP,4178676866,9534295992,0.0271592026818986
2025-12-31,MAREX CAPITAL MARKETS INC,884254768,8830894219,0.025155506621303943
2026-01-31,JP MORGAN SECURITIES LLC,26235256227,72485331692,0.1972113807011508
2026-01-31,GOLDMAN SACHS & CO LLC,22213920369,37256807862,0.10136487407138994
2026-01-31,MORGAN STANLEY & CO LLC,18415823723,32861070275,0.08940535814593698
2026-01-31,BOFA SECURITIES INC,20340688203,31742536975,0.08636215628282733
2026-01-31,SG AMERICAS SECURITIES LLC,6155178016,25766238698,0.07010239714014886
2026-01-31,CITIGROUP GLOBAL MARKETS INC,18299104089,22321685542,0.06073077576605174
2026-01-31,BARCLAYS CAPITAL INC,7618098760,21400738865,0.05822514929675393
2026-01-31,BNP PARIBAS SECURITIES CORP,4302583563,11265150364,0.030649178326595215
2026-01-31,INTERACTIVE BROKERS LLC,10063778366,10634284072,0.028932775716867396
2026-01-31,UBS SECURITIES LLC,3997239568,9649394862,0.026253180322766405
