date,commodity_total,credit_cleared,credit_total,credit_uncleared,cross_currency_cleared,cross_currency_total,cross_currency_uncleared,equity_cleared,equity_total,fx_cleared,fx_total,fx_uncleared,ir_cleared,ir_total,ir_uncleared,ir_cleared_pct,credit_cleared_pct,fx_cleared_pct,cross_currency_cleared_pct,equity_cleared_pct
2012-12-07,3091.0,2756.56,22348.723,19592.163,,16715.73,16715.73,0.0,,,,,176258.249,386815.002,210556.753,0.45566549406995344,0.12334306528386431,,,
2012-12-14,3091.0,2774.168,22483.711,19709.543,,14833.311,14833.311,,5166.993,,,,178728.485,373815.958,195087.473,0.47811892771041087,0.12338568130501233,,,
2012-12-21,3091.0,2540.603,20541.675,18001.072,,16716.689,16716.689,,5166.993,,,,171218.535,375002.189,203783.654,0.45658009478979333,0.12368042041362255,,,
2012-12-28,3091.0,2551.95,20639.476,18087.527,,16648.654,16648.654,,5166.993,,,,170352.573,373145.478,202792.905,0.45653125401133765,0.1236441273993584,,,
2013-01-04,3091.0,2576.102,20564.465,17988.362,,16574.252,16574.252,,,,,,169515.426,370621.611,201106.184,0.45738138567424236,0.12526958518006667,,,
2013-01-11,,2606.053,20885.424,18279.372,,16747.192,16747.192,,,,,,175639.239,380218.108,204578.869,0.4619433827701862,0.12477855369371481,,,
2013-01-18,,2624.288,20946.955,18322.667,,17016.046,17016.046,,,,,,178792.699,385395.44,206602.742,0.4639201205909442,0.12528255300114025,,,
2013-01-25,,2665.557,21141.04,18475.483,,16743.138,16743.138,,5246.549,,,,181091.559,388372.022,207280.462,0.4662837401814696,0.12608447834165204,,,
2013-02-01,,2693.84,21386.489,18692.649,,16797.419,16797.419,,,,,,185636.032,395042.431,209406.399,0.4699141596766855,0.12595989926163195,,,
2013-02-08,,2582.325,21231.525,18649.2,,16700.745,16700.745,,,,,,183646.769,391358.938,207712.17,0.4692540559786576,0.12162692034604201,,,
2013-02-15,,2578.124,21492.16,18914.036,,16665.001,16665.001,,5611.781,,,,184123.806,390901.605,206777.799,0.4710234075401149,0.11995648645831782,,,
2013-02-22,,2580.645,21438.16,18857.515,,16542.09,16542.09,,5611.781,,,,184188.274,389522.017,205333.744,0.4728571581616143,0.12037623564708912,,,
2013-03-01,,2556.168,21547.198,18991.03,,16516.393,16516.393,,,,,,193519.383,400649.572,207130.189,0.4830140764508292,0.11863110925142101,,,
2013-03-08,,2567.284,21622.938,19055.654,,16540.842,16540.842,,,,,,196159.453,403542.85,207383.397,0.4860932438773231,0.1187296564416917,,,
2013-03-15,,2646.3,21655.269,19008.969,,16600.194,16600.194,,6445.209,,,,190020.102,394800.61,204780.508,0.4813065055801206,0.12220120655162492,,,
2013-03-22,,2690.049,20984.214,18294.165,,16439.228,16439.228,,6445.209,,,,184091.216,395103.018,211011.802,0.4659321939170811,0.12819393664208723,,,
2013-03-29,,2707.382,20919.676,18212.294,,16417.587,16417.587,,6445.209,,,,184072.535,386573.416,202500.881,0.47616449393923144,0.12941796995326316,,,
2013-04-05,,2754.868,21404.331,18649.463,,16430.721,16430.721,,,,,,188852.216,391120.754,202268.538,0.48284887485157585,0.12870610158289927,,,
2013-04-12,,2761.688,21528.25,18766.562,,16543.765,16543.765,,,,,,187043.794,390682.836,203639.042,0.4787612271761025,0.12828204800668888,,,
2013-04-19,,2761.688,21528.25,18766.562,,16543.765,16543.765,,5745.28,,,,187043.794,390682.836,203639.042,0.4787612271761025,0.12828204800668888,,,
2013-04-26,,2800.161,21497.62,18697.46,,16302.929,16302.929,,5745.28,,,,188165.176,393435.317,205270.141,0.4782620366539184,0.1302544653780279,,,
2013-05-03,,2873.243,21671.672,18798.429,,16390.061,16390.061,,,,,,190914.654,398512.394,207597.74,0.479068297183249,0.13258058722926408,,,
2013-05-10,,2832.895,21656.424,18823.529,,16324.215,16324.215,,,,,,180958.931,387954.732,206995.801,0.46644341742427825,0.1308108393149303,,,
2013-05-17,,2810.345,21581.441,18771.096,,16198.271,16198.271,,5939.173,,,,191544.662,397914.082,206369.42,0.48137191083375636,0.1302204519151432,,,
2013-05-24,,2864.839,21732.462,18867.623,,16225.526,16225.526,,5939.173,,,,194599.924,402094.72,207494.796,0.4839653800975054,0.13182303045094476,,,
2013-05-31,,2918.057,21849.753,18931.696,,16314.153,16314.153,,5939.173,,,,196797.929,406096.286,209298.356,0.48460903432148106,0.13355102915808703,,,
2013-06-07,,2979.054,22116.67,19137.616,,16531.493,16531.493,,,,,,201245.175,412094.029,210848.854,0.48834770910985464,0.13469722159800732,,,
2013-06-14,,3056.241,22410.768,19354.527,,16766.097,16766.097,,5753.449,,,,204622.611,417554.891,212932.28,0.4900496088309501,0.13637377353600733,,,
2013-06-21,,2910.148,20324.833,17414.685,,16399.638,16399.638,,5753.449,,,,184072.535,390510.96,206438.425,0.47136330053322956,0.14318188985857844,,,
2013-06-28,,2890.797,20241.959,17351.162,,9289.339,9289.339,,5753.449,,,,195477.507,327659.186,132181.678,0.5965879039936333,0.14281211615931047,,,
2013-07-05,,3037.409,20428.492,17391.083,,16205.406,16205.406,,,,,,195999.899,400176.292,204176.394,0.48978388504834264,0.14868493474701902,,,
2013-07-12,,2924.048,20551.759,17627.711,,16388.81,16388.81,,,,,,199995.874,407544.951,207549.077,0.49073328846122793,0.1422772620095438,,,
2013-07-19,,2920.233,20494.037,17573.804,,16351.629,16351.629,,5994.004,,,,202237.153,409603.188,207366.035,0.49373920644387165,0.14249183799170462,,,
2013-07-26,,2949.205,20664.345,17715.14,,16491.326,16491.326,,5994.004,,,,206005.881,415233.742,209227.861,0.4961202815738418,0.14271950066648614,,,
2013-08-02,,2963.811,20832.727,17868.916,,16487.218,16487.218,,,,,,207531.819,416033.383,208501.563,0.49883453463156346,0.14226706854076282,,,
2013-08-09,,2950.751,20886.911,17936.16,,16590.667,16590.667,,,,,,208635.32,418052.416,209417.096,0.49906497849303183,0.14127273295701792,,,
2013-08-16,,2991.247,20814.035,17822.788,,16560.789,16560.789,,5812.841,,,,209877.12,418996.714,209119.594,0.5009039760631632,0.1437129802078261,,,
2013-08-23,,2994.046,20738.098,17744.052,,16500.178,16500.178,,5812.841,,,,211297.404,420960.671,209663.267,0.5019409616058884,0.1443741851350109,,,
2013-08-30,,2986.9,20245.713,17258.813,,16472.345,16472.345,,5812.841,,,,211255.653,419568.269,208312.616,0.5035072206568605,0.14753246773773787,,,
2013-09-06,,3024.842,20176.617,17151.775,,16435.281,16435.281,,,,,,212555.033,419992.79,207437.757,0.5060920998191422,0.14991819490849237,,,
2013-09-13,,3017.463,20136.443,17118.98,,16643.657,16643.657,,,,,,214882.826,423480.877,208598.051,0.507420376386913,0.14985084505739174,,,
2013-09-20,,3139.99,19551.056,16411.066,,16720.847,16720.847,,5874.865,,,,208550.798,414947.461,206396.663,0.5025956719855673,0.16060462411851306,,,
2013-09-27,,3161.527,19092.493,15930.966,,16678.663,16678.663,,5874.865,,,,210869.228,415624.591,204755.363,0.5073550328017045,0.16559005678305083,,,
2013-10-04,,3194.237,19181.631,15987.394,,16854.565,16854.565,,,,,,212856.077,419957.125,207101.047,0.5068519244672893,0.16652582879943836,,,
2013-10-11,,3258.614,19191.667,15933.053,,16835.919,16835.919,,,,,,212263.284,418175.079,205911.795,0.5075942940157847,0.169793171171634,,,
2013-10-18,,2199.88,9341.812,7141.932,0.0,13104.848,13104.848,,4420.0,,31450.0,,187919.849,312432.331,124512.482,0.6014737604092579,0.2354875049936779,,0.0,
2013-10-25,,2179.209,9212.082,7243.293,0.0,13086.357,13086.357,,4420.0,,31450.0,,191874.16,316545.549,124671.389,0.6061502384290357,0.23655987864632552,,0.0,
2013-11-01,,2168.663,9443.358,7274.695,0.0,13020.338,13020.338,,4420.0,,31450.0,,193208.931,316965.964,123757.034,0.6095573435133875,0.22964955898103195,,0.0,
2013-11-08,,2186.928,9052.362,6865.434,0.0,13054.556,13054.556,,4420.0,,31450.0,,196616.542,320090.917,123474.375,0.6142521751093611,0.2415864500337039,,0.0,
2013-11-15,,2191.149,9147.397,6956.248,0.0,12056.904,12056.904,,4420.0,,31450.0,,197901.056,319484.671,121583.616,0.6194383454472532,0.2395379800395675,,0.0,
2013-11-22,,2276.704,9419.352,7142.648,0.0,13516.888,13516.888,,4420.0,,31450.0,,204094.707,333271.155,129176.448,0.6123983547270989,0.2417049495549163,,0.0,
2013-11-29,,2387.796,9456.107,7068.311,0.0,11709.155,11709.155,,4420.0,,31450.0,,205021.628,328917.44,123895.812,0.6233224604934295,0.2525136401269571,,0.0,
2013-12-06,,2191.267,9284.295,7093.028,0.0,12146.36,12146.36,,4420.0,,31450.0,,200134.924,330112.957,129978.033,0.6062619468765656,0.2360186745466403,,0.0,
2013-12-13,,2038.936,9297.635,7258.699,0.0,14183.751,14183.751,,4420.0,,31450.0,,224495.803,370754.708,146258.905,0.6055103230138889,0.21929619736631947,,0.0,
2013-12-20,,2066.271,8870.927,6804.656,0.0,14012.142,14012.142,,4420.0,,31450.0,,224410.384,368660.208,144249.824,0.6087187581687687,0.23292616431180194,,0.0,
2013-12-27,,2032.736,8580.339,6547.603,0.0,14137.477,14137.477,,4420.0,,31450.0,,223388.59,367274.928,143886.338,0.6082326153229822,0.23690625743341845,,0.0,
2014-01-03,,2018.663,8561.452,6542.789,0.0,14341.303,14341.303,,4420.0,,31450.0,,199536.842,342535.726,142998.884,0.582528556451948,0.2357851214957463,,0.0,
2014-01-10,,2036.194,8794.206,6758.012,0.0,14384.232,14384.232,,4420.0,,31450.0,,202604.498,345289.146,142684.648,0.5867676419808457,0.23153812862696188,,0.0,
2014-01-17,,2004.391,8700.274,6695.883,0.0,14188.171,14188.171,,4420.0,,31450.0,,202151.426,342354.081,140202.655,0.590474707967626,0.23038251438977672,,0.0,
2014-01-24,,2108.766,8179.491,6070.725,0.0,16888.898,16888.898,,4420.0,,31450.0,,193525.112,329761.154,136236.042,0.5868644916253538,0.25781139682163595,,0.0,
2014-01-31,,2163.0490290000002,8304.5389524,6141.4899233999995,0.0,16900.116242,16900.116242,,4420.0,,31450.0,,206743.61385,343315.54933,136571.93548,0.6021970582266722,0.26046587792509324,,0.0,
2014-02-07,,2176.024,8227.305,6051.281,0.0,15673.612,15673.612,,4420.0,,31450.0,,209859.85595,333371.31032,123511.45437,0.6295078474166163,0.26448806747774634,,0.0,
2014-02-14,,2172.6529057999996,7438.9174818,5266.2645760000005,0.0,15513.373799,15513.373799,,4420.0,,31450.0,,205545.72624000002,332814.2997,127268.57346,0.6175988424333921,0.2920657355207389,,0.0,
2014-02-21,,2241.658,7916.085,5674.427,0.0,16269.924,16269.924,,4420.0,,31450.0,,209359.96155,342084.28468,132724.32313,0.6120128018913354,0.2831776061020062,,0.0,
2014-02-28,,2291.9018633,8521.129975099999,6229.2281118,0.0,16265.064916,16265.064916,,4420.0,,31450.0,,212880.64588999999,344278.82361,131398.17772,0.6183379031501274,0.2689668940618528,,0.0,
2014-05-09,,2179.584,8179.892,6000.308,0.0,15907.544,15907.544,,4420.0,,31450.0,,209513.951,341122.138,131608.187,0.6141904252488005,0.26645632974127287,,0.0,
2014-05-16,,2185.274,8242.682,6057.408,0.0,15461.306,15461.306,,4420.0,,31450.0,,209412.092,337553.804,128141.712,0.6203813718538335,0.26511686366160914,,0.0,
2014-05-23,,1892.714,7910.471,6017.757,0.0,15883.667,15883.667,,4420.0,,31450.0,,214309.1,346142.577,131833.476,0.6191353339349525,0.23926691596492802,,0.0,
2014-05-30,,1944.729,7859.275,5914.546,0.0,15913.803,15913.803,,4420.0,,31450.0,,214324.038,345211.977,130887.938,0.620847630671864,0.2474438163825544,,0.0,
2014-06-06,,1965.172,7897.758,5932.585,0.0,15887.351,15887.351,,4420.0,,31450.0,,217770.386,345862.18,128091.794,0.6296449817091884,0.24882656571649828,,0.0,
2014-06-27,,1899.06,7439.286,5540.226,0.0,15903.169,15903.169,,4420.0,,31450.0,,214292.86,344249.003,129956.143,0.6224937708824678,0.255274498117158,,0.0,
2014-07-04,,2059.259,7623.908,5564.649,0.0,15640.161,15640.161,,4420.0,,31450.0,,206960.968,337528.083,130567.115,0.6131666620463104,0.27010543673926807,,0.0,
2014-07-11,,1832.439,7520.233,5687.794,0.0,15628.441,15628.441,,4420.0,,31450.0,,223940.948,364857.464,140916.516,0.6137765294558973,0.2436678491211642,,0.0,
2014-07-18,,1824.14,7344.718,5520.578,0.0,15254.987,15254.987,,4420.0,,31450.0,,212493.291,348017.354,135524.063,0.6105824567587512,0.24836079479157677,,0.0,
2014-07-25,,1778.846,7311.293,5532.447,0.0,15506.896,15506.896,,4420.0,,31450.0,,214133.066,353155.376,139022.31,0.6063423652936264,0.24330115069933594,,0.0,
2014-08-01,,1947.551,7564.73,5617.179,0.0,15048.259,15048.259,,4420.0,,31450.0,,215222.878,352719.834,137496.956,0.610180821303063,0.2574514886849894,,0.0,
2014-08-08,,1950.063,7921.224,5971.161,0.0,15217.293,15217.293,,4420.0,,31450.0,,217364.286,358075.216,140710.93,0.6070352716061755,0.24618202944393444,,0.0,
2014-08-15,,1917.711,7631.488,5713.777,0.0,15283.363,15283.363,,4420.0,,31450.0,,217814.34,360650.391,142836.051,0.60394871442133,0.25128926364032805,,0.0,
2014-08-22,,1821.087,7030.556,5209.47,0.0,15277.545,15277.545,,4420.0,,31450.0,,216281.415,359861.586,143580.171,0.601012787733337,0.2590246063042525,,0.0,
2014-08-29,,1787.577,7011.276,5223.698,0.0,15036.054,15036.054,,4420.0,,31450.0,,215219.664,352569.921,137350.256,0.6104311547325673,0.2549574428392207,,0.0,
2014-09-05,,1833.456,6961.262,5127.806,0.0,15371.754,15371.754,,4420.0,,31450.0,,214778.101,354133.747,139355.646,0.6064886580831846,0.2633798296918001,,0.0,
2014-09-12,,1666.695,6713.235,5046.541,0.0,15451.619,15451.619,,4420.0,,31450.0,,214578.962,354285.17,139706.208,0.605667355480897,0.2482700218300119,,0.0,
2014-09-19,,1912.319,6722.891,4810.572,0.0,15736.533,15736.533,,4420.0,,31450.0,,215150.777,346465.733,131314.956,0.6209871756639206,0.284448907471503,,0.0,
2014-09-26,,1853.914,6666.525,4812.61,0.0,15754.707,15754.707,,4420.0,,31450.0,,215362.903,343610.252,128247.349,0.6267650681156044,0.2780930094764514,,0.0,
2014-10-03,,1882.894,6788.358,4905.464,0.0,15695.351,15695.351,,4420.0,,31450.0,,214763.961,337773.371,123009.41,0.6358226534086372,0.2773710520276037,,0.0,
2014-10-10,,2085.102,7112.439,5027.337,0.0,15298.49,15298.49,,4420.0,,31450.0,,215797.119,336387.952,120590.833,0.6415126276579609,0.29316272519173797,,0.0,
2014-10-17,,2235.139,7220.976,4985.837,0.0,15475.844,15475.844,,4420.0,,31450.0,,221922.518,344863.355,122940.837,0.6435085513797197,0.30953419593140874,,0.0,
2014-10-24,,2123.312,7204.953,5081.641,0.0,15434.511,15434.511,,4420.0,,31450.0,,223191.563,346199.808,123008.245,0.6446900253624634,0.2947017142235348,,0.0,
2014-10-31,,2112.053,7210.876,5098.823,0.0,15019.904,15019.904,,4420.0,,31450.0,,222955.734,341814.685,118858.951,0.6522707881903903,0.29289825535760144,,0.0,
2014-11-07,,2031.694,7122.852,5091.157,0.0,15308.209,15308.209,,4420.0,,31450.0,,221068.178,341485.467,120417.289,0.6473721413157533,0.2852360262434205,,0.0,
2014-11-14,,2005.357,7054.512,5049.155,0.0,15296.162,15296.162,,4420.0,,31450.0,,221003.616,341193.996,120190.38,0.6477359466782646,0.2842658712608328,,0.0,
2014-11-21,,1886.955,6794.815,4907.86,0.0,15358.653,15358.653,,4420.0,,31450.0,,222146.581,340743.933,118597.353,0.6519458146889441,0.277705132516485,,0.0,
2014-11-28,,2021.616,6933.46,4911.844,0.0,15095.63,15095.63,,4420.0,,31450.0,,224156.103,340517.887,116361.784,0.6582799657746027,0.2915739039382934,,0.0,
2014-12-05,,1821.077,6753.318,4932.241,0.0,15459.98,15459.98,,4420.0,,31450.0,,223000.308,341274.579,118274.271,0.6534336915847458,0.26965663396866546,,0.0,
2014-12-12,,1882.225,6819.005,4936.78,0.0,15361.156,15361.156,,4420.0,,31450.0,,222682.596,338185.54,115502.944,0.6584627953046129,0.2760263410864195,,0.0,
2014-12-19,,1938.576,6490.503,4551.927,0.0,15096.589,15096.589,,4420.0,,31450.0,,207042.391,320149.856,113107.465,0.6467046201014065,0.2986788543199194,,0.0,
2014-12-26,,1914.519,6240.051,4325.532,0.0,15066.186,15066.186,,4420.0,,31450.0,,199141.1,311213.412,112072.312,0.6398859828059081,0.3068114347142355,,0.0,
2015-01-02,,1794.992,6110.139,4315.147,0.0,15066.697,15066.697,,4420.0,,31450.0,,191940.244,302973.465,111033.221,0.6335216320016672,0.2937726948601333,,0.0,
2015-01-09,,1720.103,6070.251,4350.148,0.0,15143.394,15143.394,,4420.0,,31450.0,,192715.012,304067.023,111352.011,0.6337912283240265,0.2833660420302225,,0.0,
2015-01-16,,1708.692,6065.927,4357.235,0.0,15230.808,15230.808,,4420.0,,31450.0,,188690.532,298918.531,110227.999,0.631244009425431,0.2816868716026421,,0.0,
2015-01-23,,1704.444,5909.978,4205.533,0.0,10202.196,10202.196,,4420.0,,31450.0,,182832.853,285846.533,103013.68,0.639618927965098,0.28840107357421635,,0.0,
2015-01-30,,1752.7,6020.837,4268.137,0.0,10318.049,10318.049,,4420.0,,31450.0,,183185.93,286255.437,103069.508,0.6399386922387085,0.29110570507057404,,0.0,
2015-02-06,,1692.901,5994.466,4301.565,0.0,10628.873,10628.873,,4420.0,,31450.0,,183146.246,287789.504,104643.257,0.6363895953620324,0.2824106434167781,,0.0,
2015-02-13,,1672.864,6053.683,4380.819,0.0,10236.653,10236.653,,4420.0,,31450.0,,181044.016,284529.007,103484.991,0.6362937048453552,0.2763382225332909,,0.0,
2015-02-20,,1714.007,5986.222,4272.215,0.0,10600.194,10600.194,,4420.0,,31450.0,,183698.451,289552.211,105853.759,0.6344225463365569,0.28632533173677827,,0.0,
2015-02-27,,1687.542,5997.416,4309.874,0.0,10618.852,10618.852,,4420.0,,31450.0,,182789.448,289479.267,106689.819,0.6314422787314852,0.2813781802029407,,0.0,
2015-03-06,,1693.434,5956.14,4262.706,0.0,10093.913,10093.913,,4420.0,,31450.0,,178984.699,285418.163,106433.464,0.6270963876955511,0.28431735990087537,,0.0,
2015-03-13,,1627.139,5838.388,4211.25,0.0,10472.209,10472.209,,4420.0,,31450.0,,177069.935,284949.861,107879.926,0.6214073394476932,0.27869661968337833,,0.0,
2015-03-20,,1932.441,6031.192,4098.751,0.0,10105.926,10105.926,,4420.0,,31450.0,,170237.847,273670.231,103432.384,0.6220546764547438,0.3204078066160056,,0.0,
2015-03-27,,1828.361,5987.012,4158.651,0.0,10385.125,10385.125,,4420.0,,31450.0,,168678.296,272821.705,104143.409,0.6182730072741096,0.30538789633292873,,0.0,
2015-04-03,,1707.135,5839.156,4132.021,0.0,10428.202,10428.202,,4420.0,,31450.0,,163483.416,268122.174,104638.758,0.6097347845613097,0.2923598889976565,,0.0,
2015-04-10,,1638.736,5670.96,4032.224,0.0,10319.499,10319.499,,4420.0,,31450.0,,165982.784,268912.707,102929.923,0.6172366707832814,0.28896976878694264,,0.0,
2015-04-17,,1707.752,5684.306,3976.554,0.0,9933.917,9933.917,,4420.0,,31450.0,,165255.593,267190.371,101934.777,0.6184938191503915,0.30043280569343034,,0.0,
2015-04-24,,1638.094,5651.809,4013.715,0.0,10304.581,10304.581,,4420.0,,31450.0,,163511.969,264846.23,101334.261,0.6173845442315717,0.2898353429848744,,0.0,
2015-05-01,,1711.647,5850.143,4138.496,0.0,10067.381,10067.381,,4420.0,,31450.0,,161306.508,261360.548,100054.041,0.6171800190746463,0.292582078762861,,0.0,
2015-05-08,,1742.25,5927.765,4185.516,0.0,10934.306,10934.306,,4420.0,,31450.0,,166651.279,268313.048,101661.769,0.6211076212737892,0.2939134732905235,,0.0,
2015-05-15,,1656.049,5885.133,4229.084,0.0,10736.154,10736.154,,4420.0,,31450.0,,144452.001,245019.519,100567.518,0.5895530347523047,0.28139533974848147,,0.0,
2015-05-22,,1608.751,5749.906,4141.155,0.0,11033.556,11033.556,,4420.0,,31450.0,,166091.761,268022.809,101931.048,0.6196926359353244,0.2797873565237414,,0.0,
2015-05-29,,1725.894,5913.816,4187.922,0.0,10500.253,10500.253,,4420.0,,31450.0,,162523.312,261615.72,99092.409,0.6212291524377817,0.2918410041841004,,0.0,
2015-06-05,,1659.993,5937.129,4277.136,0.0,10925.015,10925.015,,4420.0,,31450.0,,164753.433,265634.312,100880.88,0.6202264751098872,0.27959523870881026,,0.0,
2015-06-12,,1674.021,6063.186,4389.164,0.0,11068.955,11068.955,,4420.0,,31450.0,,167554.216,269635.269,102081.053,0.6214106063402263,0.2760959337219739,,0.0,
2015-06-19,,1732.566,5978.692,4246.125,0.0,11079.424,11079.424,,4420.0,,31450.0,,160507.612,262022.433,101514.821,0.6125720235564716,0.2897901413887854,,0.0,
2015-06-26,,1624.737,5566.069,3941.332,0.0,10858.373,10858.373,,4420.0,,31450.0,,158955.546,259007.267,100051.722,0.6137107573896758,0.2919002621059854,,0.0,
2015-07-03,,1680.346,5637.725,3957.379,0.0,10930.071,10930.071,,4420.0,,31450.0,,158508.019,258064.257,99556.238,0.6142191903778446,0.29805391359103184,,0.0,
2015-07-10,,1694.057,5788.538,4094.48,0.0,11424.995,11424.995,,4420.0,,31450.0,,160505.671,260083.023,99577.352,0.6171324415896228,0.2926571441700824,,0.0,
2015-07-17,,1620.071,5444.365,3824.294,0.0,11328.533,11328.533,,4420.0,,31450.0,,158911.491,257410.67,98499.179,0.6173461690612903,0.29756840329404805,,0.0,
2015-07-24,,1552.936,5418.442,3865.506,0.0,11096.274,11096.274,,4420.0,,31450.0,,157329.089,252550.133,95221.044,0.6229618140806918,0.28660194203426004,,0.0,
2015-07-31,,1601.48,5454.676,3853.196,0.0,11060.305,11060.305,,4420.0,,31450.0,,157583.152,253516.195,95933.043,0.6215900802708088,0.29359763989648513,,0.0,
2015-08-07,,1605.448,5475.233,3869.785,0.0,11063.773,11063.773,,4420.0,,31450.0,,156115.62,253453.109,97337.489,0.6159546458749496,0.2932200328278267,,0.0,
2015-08-14,,1558.382,5467.095,3908.713,0.0,11024.531,11024.531,,4420.0,,31450.0,,159076.313,256409.342,97333.03,0.620399833169885,0.28504754353088796,,0.0,
2015-08-21,,1610.977,5433.627,3822.65,0.0,10781.521,10781.521,,4420.0,,31450.0,,159258.887,255415.155,96156.268,0.6235295121779285,0.2964828097327991,,0.0,
2015-08-28,,1604.429,5470.297,3865.868,0.0,10992.817,10992.817,,4420.0,,31450.0,,160031.005,257751.18,97720.175,0.6208739956108058,0.2932983346242444,,0.0,
2015-09-04,,1577.675,5447.367,3869.693,0.0,10878.073,10878.073,,4420.0,,31450.0,,157674.48,254877.527,97203.047,0.6186284128533623,0.2896215731379949,,0.0,
2015-09-11,,1581.631,5505.478,3923.847,0.0,11032.589,11032.589,,4420.0,,31450.0,,158358.156,256208.506,97850.35,0.6180831326497801,0.2872831387211065,,0.0,
2015-09-18,,1663.548,5353.489,3689.941,0.0,11005.805,11005.805,,4420.0,,31450.0,,150963.052,248201.746,97238.694,0.6082271959521187,0.310740901867922,,0.0,
2015-09-25,,1734.995,5483.47,3748.475,0.0,10690.237,10690.237,,4420.0,,31450.0,,149640.318,255600.241,105959.923,0.585446701515434,0.31640457593458154,,0.0,
2015-10-02,,1776.785,5605.893,3829.108,0.0,11007.837,11007.837,,4420.0,,31450.0,,152640.385,264347.555,111707.17,0.5774231011896441,0.3169495029605453,,0.0,
2015-10-09,,1820.227,5712.168,3891.941,0.0,11140.445,11140.445,,4420.0,,31450.0,,153754.238,267213.747,113459.51,0.5753979341489494,0.3186578195879393,,0.0,
2015-10-16,,1760.476,5710.021,3949.545,,,,,,,,,153654.996,268369.227,114714.231,0.5725507269132613,0.3083134019997475,,,
2015-10-23,,1754.87,5532.576,3777.706,,,,,,,,,150920.806,265277.9,114357.094,0.5689158652115386,0.3171885935231617,,,
2015-10-30,,1632.245,5416.603,3784.358,,,,,,,,,148819.31,263697.175,114877.865,0.5643568612367577,0.30134108037823704,,,
2015-11-06,,1624.652,5304.898,3680.245,,,,,,,,,149327.204,266797.295,117470.091,0.5597028410651615,0.30625508727971773,,,
2015-11-13,,1723.415,5381.224,3657.809,,,,,,,,,151924.927,271369.416,119444.488,0.5598454285651703,0.32026449744519087,,,
2015-11-20,,1705.917,5256.269,3550.352,,,,,,,,,151104.914,269688.666,118583.752,0.5602938982982695,0.3245490289785397,,,
2015-11-27,,1661.34,5200.616,3539.276,,,,,,,,,150333.67,271281.47,120947.8,0.554161218604426,0.319450618926681,,,
2015-12-04,,1600.378,5201.691,3601.313,,,,,,,,,151885.212,272700.06,120814.848,0.5569680182688629,0.3076649497250029,,,
2015-12-11,,1606.948,5277.462,3670.514,,,,,,,,,152991.879,258758.011,105766.131,0.5912546568461604,0.3044925761663466,,,
2015-12-18,,1566.015,4951.641,3385.626,,,,,,,,,142680.447,250693.023,108012.576,0.5691440682814695,0.31626182108113254,,,
2015-12-25,,1581.482,4817.333,3235.851,,,,,,,,,142109.097,250086.001,107976.904,0.5682409108537028,0.32828994798574235,,,
2016-01-01,,1504.921,4690.954,3186.033,,,,,,,,,140033.602,247394.552,107360.95,0.5660334913114822,0.320813420894769,,,
2016-01-08,,1565.272,4807.533,3242.261,,,,,,,,,143289.813,250458.354,107168.541,0.5721103357566584,0.32558736466291543,,,
2016-01-15,,1598.974,4922.459,3323.485,,,,,,,,,145183.857,254382.745,109198.888,0.5707299722707214,0.32483236528734927,,,
2016-01-22,,1710.413,4957.1,3246.687,,,,,,,,,144726.57,254782.266,110055.696,0.568040202609706,0.3450430695366242,,,
2016-01-29,,1593.665,4658.22,3064.556,,,,,,,,,143927.921,248634.538,104706.616,0.5788734025358939,0.3421188780263706,,,
2016-02-05,,1669.244,4822.979,3153.735,,,,,,,,,149023.305,256635.956,107612.651,0.5806797586851001,0.34610227413389105,,,
2016-02-12,,1698.692,4972.461,3273.769,,,,,,,,,153897.583,263184.37,109286.786,0.5847519858417125,0.34161997449552645,,,
2016-02-19,,1652.936,4827.211,3174.276,,,,,,,,,152561.137,260608.65,108047.513,0.5854031974763693,0.3424204991246498,,,
2016-02-26,,1597.026,4800.804,3203.777,,,,,,,,,154710.492,262543.921,107833.428,0.5892747065356734,0.33265802978001185,,,
2016-03-04,,1596.15,4797.519,3201.369,,,,,,,,,156280.91,264217.663,107936.753,0.59148547536733,0.33270321597475694,,,
2016-03-11,,1707.196,5045.932,3338.737,,,,,,,,,162124.184,270336.79,108212.607,0.5997118779134724,0.33833115468064173,,,
2016-03-18,,1650.732,4750.053,3099.321,,,,,,,,,155621.677,260922.248,105300.571,0.5964293125360471,0.3475186487392877,,,
2016-03-25,,1788.398,4954.811,3166.413,,,,,,,,,149289.043,253206.356,103917.313,0.5895943741633405,0.3609417190685982,,,
2016-04-01,,1730.985,4958.85,3227.865,,,,,,,,,152159.407,255836.164,103676.757,0.5947533164232404,0.3490698448228924,,,
2016-04-08,,1701.912,4958.709,3256.798,,,,,,,,,156767.393,261746.797,104979.404,0.5989276460945576,0.34321675258620743,,,
2016-04-15,,1631.984,4735.871,3103.887,,,,,,,,,154163.074,258531.45,104368.376,0.5963029797728671,0.34460060250796526,,,
2016-04-22,,1682.515,4654.89,2972.375,,,,,,,,,153826.189,257743.36,103917.171,0.596819211947885,0.3614510761801031,,,
2016-04-29,,1624.573,4616.599,2992.026,,,,,,,,,154649.391,257546.636,102897.245,0.6004714074386124,0.3518982263783361,,,
2016-05-06,,1616.02,4595.681,2979.662,,,,,,,,,158285.971,260931.814,102645.843,0.6066181374111782,0.35163885395874955,,,
2016-05-13,,1578.54,4565.082,2986.542,,,,,,,,,159517.76,261300.041,101782.281,0.6104773630709075,0.34578568358684464,,,
2016-05-20,,1564.799,4481.624,2916.825,,,,,,,,,159951.08,262057.282,102106.202,0.6103668586473395,0.34915892096257967,,,
2016-05-27,,1556.352,4492.253,2935.902,,,,,,,,,159520.589,249575.365,90054.776,0.6391680084290371,0.34645243711785606,,,
2016-06-03,,1578.288,4579.136,3000.848,,,,,,,,,163328.762,254200.488,90871.726,0.6425194667604257,0.34466938741282194,,,
2016-06-10,,1596.996,4644.774,3047.777,,,,,,,,,162629.708,252231.745,89602.037,0.6447630451908423,0.343826416527478,,,
2016-06-17,,1694.758,4750.306,3055.548,,,,,,,,,159176.835,248541.637,89364.802,0.6404433354561031,0.35676817451338927,,,
2016-06-24,,1603.481,4471.391,2867.91,,,,,,,,,159935.952,248863.41,88927.458,0.6426655971643239,0.35860898767296356,,,
2016-07-01,,1633.655,4544.786,2911.131,,,,,,,,,161982.947,249880.897,87897.949,0.6482406176091163,0.3594569689309904,,,
2016-07-08,,1615.046,4571.321,2956.275,,,,,,,,,161703.247,250033.634,88330.388,0.6467259800735449,0.35329962608182625,,,
2016-07-15,,1602.828,4522.153,2919.325,,,,,,,,,160063.588,240268.328,80204.74,0.6661867976207001,0.3544391355179712,,,
2016-07-22,,1619.3,4256.191,2636.892,,,,,,,,,160435.002,236190.055,75755.053,0.6792623084828868,0.3804575499548775,,,
2016-07-29,,1603.907,4350.682,2746.775,,,,,,,,,157290.827,236208.117,78917.29,0.6658993306313855,0.3686564543214144,,,
2016-08-05,,1621.497,4393.567,2772.069,,,,,,,,,156738.412,235076.171,78337.759,0.6667558491073092,0.3690616303336219,,,
2016-08-12,,1597.384,4389.069,2791.684,,,,,,,,,157382.196,236804.769,79422.572,0.6646073753692012,0.36394597578666454,,,
2016-08-19,,1622.488,4372.156,2749.669,,,,,,,,,158323.377,238194.733,79871.356,0.6646804276734364,0.37109563336715345,,,
2016-08-26,,1613.658,4391.701,2778.043,,,,,,,,,158557.01,238111.969,79554.959,0.6658926498566731,0.36743348420122407,,,
2016-09-02,,1615.253,4389.562,2774.309,,,,,,,,,159793.788,238043.858,78250.07,0.6712787691417772,0.36797589372242606,,,
2016-09-09,,1655.88,4356.335,2700.455,,,,,,,,,161542.098,239363.857,77821.759,0.6748809115321032,0.3801085086431599,,,
2016-09-16,,1704.137,4441.779,2737.642,,,,,,,,,159299.675,237350.933,78051.258,0.6711567255562463,0.3836609160428738,,,
2016-09-23,,1935.063,4567.311,2632.248,,,,,,,,,153414.183,231449.543,78035.361,0.6628407255053426,0.42367664474786154,,,
2016-09-30,,1681.09,4253.45,2572.36,,,,,,,,,138156.442,213631.268,75474.826,0.6467051536669248,0.3952297546697387,,,
2016-10-07,,1678.165,4399.157,2720.992,,,,,,,,,138807.61,218054.468,79246.858,0.6365731061286943,0.381474223356884,,,
2016-10-14,,1618.078,4254.871,2636.793,,,,,,,,,138381.925,213780.435,75398.51,0.6473086510465749,0.3802883800707471,,,
2016-10-21,,1596.503,4166.136,2569.633,,,,,,,,,139687.442,215420.959,75733.517,0.6484394213471123,0.3832095255651759,,,
2016-10-28,,1565.399,4186.028,2620.629,,,,,,,,,138281.726,214478.094,76196.368,0.6447358954989594,0.37395808150351595,,,
2016-11-04,,1600.543,4294.091,2693.548,,,,,,,,,138228.893,215312.213,77083.319,0.6419928116200265,0.3727315047585158,,,
2016-11-11,,1627.42,4310.581,2683.16,,,,,,,,,127724.599,200598.776,72874.177,0.6367167414820118,0.3775407537870185,,,
2016-11-18,,1588.681,4180.354,2591.673,,,,,,,,,136341.671,210823.729,74482.058,0.6467093227442154,0.3800350400946905,,,
2016-11-25,,1683.168,4267.097,2583.929,,,,,,,,,137039.276,211343.597,74304.322,0.648419341514283,0.39445271574562285,,,
2016-12-02,,1578.735,4191.127,2612.392,,,,,,,,,140275.386,215526.831,75251.446,0.6508488309745527,0.37668507778456717,,,
2016-12-09,,1595.567,4245.582,2650.015,,,,,,,,,139035.121,213892.21,74857.089,0.6500242388444162,0.3758182034877668,,,
2016-12-16,,1568.096,4213.442,2645.346,,,,,,,,,136032.595,210754.448,74721.853,0.6454553927137044,0.37216508498277656,,,
2016-12-23,,1455.124,3561.855,2106.731,,,,,,,,,127366.773,201118.051,73751.277,0.6332935923290147,0.4085298250490264,,,
2016-12-30,,1457.95,3568.813,2110.863,,,,,,,,,127344.075,200866.412,73522.338,0.6339739617592213,0.4085251875063221,,,
2017-01-06,,1430.684,3612.431,2181.747,,,,,,,,,130780.697,203345.764,72565.067,0.6431444374715374,0.3960446580156133,,,
2017-01-13,,1402.921,3631.155,2228.233,,,,,,,,,134060.909,207395.442,73334.533,0.646402388148916,0.3863566826533155,,,
2017-01-20,,1414.373,3576.314,2161.941,,,,,,,,,133388.454,206850.371,73461.917,0.6448547969971975,0.3954834502786948,,,
2017-01-27,,1418.187,3622.545,2204.359,,,,,,,,,132971.42,206592.363,73620.942,0.6436415076969714,0.3914891326401742,,,
2017-02-03,,1493.867,3738.243,2244.375,,,,,,,,,136423.988,210597.776,74173.787,0.6477940583760011,0.39961741384923344,,,
2017-02-10,,1509.153,3808.406,2299.253,,,,,,,,,139180.791,215595.544,76414.752,0.6455643211253012,0.39626893771304844,,,
2017-02-17,,1512.957,3775.001,2262.045,,,,,,,,,141521.154,218566.218,77045.064,0.6474978397622272,0.4007832050905417,,,
2017-02-24,,1482.827,3796.598,2313.772,,,,,,,,,140729.014,218593.044,77864.03,0.6437945664913289,0.39056729208623087,,,
2017-03-03,,1488.891,3846.751,2357.86,,,,,,,,,145677.734,225525.209,79847.475,0.6459487817169033,0.3870515663738048,,,
2017-03-10,,1535.18,3915.02,2379.84,,,,,,,,,147100.186,227569.246,80469.06,0.6463974749909748,0.3921257107243386,,,
2017-03-17,,1549.432,3757.41,2207.978,,,,,,,,,142072.762,221846.766,79774.004,0.6404094346815945,0.41236702941653963,,,
2017-03-24,,1760.165,4071.862,2311.697,,,,,,,,,140712.487,219548.295,78835.808,0.6409181496945808,0.4322752097197793,,,
2017-03-31,,1660.298,3994.925,2334.627,,,,,,,,,139868.802,220858.613,80989.811,0.6332956641360415,0.41560179477712345,,,
2017-04-07,,1631.13,4021.591,2390.461,,,,,,,,,143354.583,224747.596,81393.013,0.6378470139453684,0.40559320925474524,,,
2017-04-14,,1655.397,4119.91,2464.514,,,,,,,,,162919.657,244275.201,81355.544,0.6669512759913766,0.4018041656249772,,,
2017-04-21,,1714.659,4039.412,2324.753,,,,,,,,,158850.551,240739.359,81888.808,0.659844537510794,0.42448232564541577,,,
2017-04-28,,1695.423,4088.218,2392.795,,,,,,,,,145020.183,227453.719,82433.536,0.6375810588526802,0.4147095384835153,,,
2017-05-05,,1695.95,4148.597,2452.647,,,,,,,,,145410.685,226594.111,81183.426,0.6417231425754043,0.4088008548432157,,,
2017-05-12,,1679.727,4200.158,2520.431,,,,,,,,,146808.798,228124.869,81316.071,0.6435457854443744,0.3999199553921543,,,
2017-05-19,,1782.946,4076.241,2293.295,,,,,,,,,149365.716,232494.302,83128.586,0.6424489319312435,0.43739955512934586,,,
2017-05-26,,1728.861,4076.453,2347.592,,,,,,,,,151025.371,233919.825,82894.454,0.6456287790057983,0.4241091458677434,,,
2017-06-02,,1717.183,4129.116,2411.933,,,,,,,,,151234.146,234395.614,83161.468,0.6452089414949548,0.4158718234120814,,,
2017-06-09,,1732.244,4197.777,2465.532,,,,,,,,,153650.867,237088.026,83437.158,0.6480751879051032,0.41265746131821673,,,
2017-06-16,,1770.29,4285.743,2515.453,,,,,,,,,154602.886,236580.453,81977.567,0.6534896862337143,0.4130648991318424,,,
2017-06-23,,1760.491,3864.245,2103.754,,,,,,,,,147501.695,228577.409,81075.713,0.6453030316744907,0.4555847261237318,,,
2017-06-30,,1744.317,3920.444,2176.126,,,,,,,,,151974.642,238917.163,86942.52,0.636097633555108,0.44492843157560724,,,
2017-07-07,,1745.759,3995.556,2249.798,,,,,,,,,153918.881,237432.285,83513.405,0.6482643293434167,0.43692517386816754,,,
2017-07-14,,1761.477,4081.633,2320.155,,,,,,,,,152729.306,235688.998,82959.692,0.6480120298190585,0.43156182831724466,,,
2017-07-21,,1812.516,4061.465,2248.949,,,,,,,,,153978.717,240628.559,86649.842,0.6399020866014495,0.44627148085727686,,,
2017-07-28,,1800.663,4151.024,2350.361,,,,,,,,,152545.368,236388.714,83843.347,0.6453157827154133,0.4337876629959258,,,
2017-08-04,,1808.028,4216.552,2408.523,,,,,,,,,152691.277,236429.624,83738.347,0.6458212571534606,0.42879300433150125,,,
2017-08-11,,1960.466,4456.646,2496.179,,,,,,,,,153853.249,237942.816,84089.566,0.6465975799832512,0.4398971782816046,,,
2017-08-18,,1894.671,4255.615,2360.943,,,,,,,,,154231.894,238531.189,84299.295,0.646590052422872,0.44521673130675593,,,
2017-08-25,,1905.656,4343.54,2437.884,,,,,,,,,155169.095,240376.442,85207.347,0.6455253838893247,0.4387333833693255,,,
2017-09-01,,1913.732,4396.526,2482.794,,,,,,,,,154423.303,241168.467,86745.164,0.6403129933234597,0.4352827664387746,,,
2017-09-08,,1927.66,4469.947,2542.287,,,,,,,,,157192.78,247031.652,89838.872,0.6363264736617638,0.4312489611174361,,,
2017-09-15,,1926.609,4533.651,2607.042,,,,,,,,,157878.492,250518.293,92639.801,0.6302074395820667,0.42495750113980985,,,
2017-09-22,,2297.89,4684.247,2386.357,,,,,,,,,152960.071,245410.15,92450.079,0.6232833931277904,0.4905569667867642,,,
2017-09-29,,2127.186,4548.408,2421.222,,,,,,,,,153535.404,246835.685,93300.281,0.6220146167277232,0.4676770421650828,,,
2017-10-06,,2098.934,4639.24,2540.307,,,,,,,,,152307.29,245833.537,93526.248,0.6195545646808962,0.45243057052448254,,,
2017-10-13,,2083.149,4682.978,2599.829,,,,,,,,,154205.99,245670.294,91464.303,0.6276948974547163,0.4448342486340956,,,
2017-10-20,,2111.876,4534.916,2423.04,,,,,,,,,155047.714,246774.168,91726.454,0.6282979910603933,0.46569241855857973,,,
2017-10-27,,2091.485,4594.691,2503.206,,,,,,,,,153990.74,245491.319,91500.579,0.6272757041971003,0.45519600774023766,,,
2017-11-03,,2091.885,4671.457,2579.572,,,,,,,,,152593.761,244288.664,91694.903,0.6246452803065803,0.4478014032880962,,,
2017-11-10,,2136.008,4776.787,2640.778,,,,,,,,,152534.728,243637.787,91103.058,0.6260717185056356,0.44716417123057817,,,
2017-11-17,,2222.453,4738.789,2516.337,,,,,,,,,154341.692,245829.082,91487.39,0.6278414691391152,0.4689917613972684,,,
2017-11-24,,2336.119,4928.713,2592.594,,,,,,,,,155983.063,248194.257,92211.194,0.6284716853863382,0.4739815444721574,,,
2017-12-01,,2207.476,4832.42,2624.944,,,,,,,,,156068.917,247996.238,91927.322,0.6293196955673174,0.4568054929000377,,,
2017-12-08,,2142.007,4785.478,2643.471,,,,,,,,,156079.221,247240.758,91161.537,0.6312843491605862,0.447605651932785,,,
2017-12-15,,2098.84,4773.121,2674.281,,,,,,,,,152806.451,243470.468,90664.017,0.6276180115610572,0.4397206775189651,,,
2017-12-22,,2021.057,4236.164,2215.107,,,,,,,,,146695.51,235283.418,88587.908,0.6234842695119297,0.47709602366669474,,,
2017-12-29,,2003.719,4237.956,2234.236,,,,,,,,,146464.928,235292.668,88827.741,0.6224797790979191,0.4728031626567147,,,
2018-01-05,,2062.846,4366.316,2303.47,,,,,,,,,150854.274,238535.163,87680.889,0.6324194391415575,0.47244542080783897,,,
2018-01-12,,2125.562,4544.243,2418.68,,,,,,,,,156125.481,245371.918,89246.437,0.6362809659416689,0.46774831363551633,,,
2018-01-19,,1976.107,4223.857,2247.75,,,,,,,,,159090.266,250072.243,90981.978,0.6361772265944766,0.4678442002179525,,,
2018-01-26,,2048.116,4408.265,2360.149,,,,,,,,,162406.983,256549.351,94142.368,0.6330438271114551,0.46460818485277083,,,
2018-02-02,,1897.911,4338.234,2440.323,,,,,,,,,163139.843,258271.132,95131.29,0.6316611606441559,0.43748469999543593,,,
2018-02-09,,2081.917,4634.738,2552.821,,,,,,,,,165565.301,261937.139,96371.839,0.6320802832010776,0.44919842286662154,,,
2018-02-16,,2109.518,4777.407,2667.889,,,,,,,,,166586.491,263630.427,97043.936,0.6318940226121926,0.4415612904657275,,,
2018-02-23,,2099.487,4549.682,2450.195,,,,,,,,,168443.629,267210.404,98766.776,0.6303782580262107,0.4614579656336421,,,
2018-03-02,,2051.281,4616.779,2565.498,,,,,,,,,171133.401,270322.393,99188.992,0.6330714932669305,0.4443099832155708,,,
2018-03-09,,2069.479,4620.418,2550.94,,,,,,,,,172259.494,271499.479,99239.985,0.6344744919381595,0.4478986533253052,,,
2018-03-16,,2020.172,4502.083,2481.911,,,,,,,,,173411.45,273182.691,99771.241,0.6347819818496481,0.448719403884824,,,
2018-03-23,,2371.245,4612.119,2240.874,,,,,,,,,167042.466,266552.03,99509.564,0.6266786488176435,0.5141335251757381,,,
2018-03-30,,2172.89,4482.656,2309.766,,,,,,,,,166145.084,266433.364,100288.28,0.6235896342171321,0.4847327120350078,,,
2018-04-06,,2143.51,4503.863,2360.352,,,,,,,,,167255.698,267914.187,100658.489,0.6242883210958888,0.47592699866758825,,,
2018-04-13,,2084.049,4517.87,2433.821,,,,,,,,,168159.912,269842.715,101682.803,0.6231775128707847,0.46129016549834323,,,
2018-04-20,,1974.361,4251.794,2277.434,,,,,,,,,166577.914,268512.717,101934.804,0.6203725315549952,0.46435951506587575,,,
2018-04-27,,1890.234,4157.791,2267.556,,,,,,,,,169310.796,271034.345,101723.549,0.6246839159812017,0.45462458310194037,,,
2018-05-04,,1871.26,4188.995,2317.734,,,,,,,,,166633.162,268078.223,101445.061,0.6215841038307689,0.4467085780718287,,,
2018-05-11,,1901.125,4278.646,2377.521,,,,,,,,,167405.261,269268.585,101863.325,0.6217036458226272,0.44432864976443487,,,
2018-05-18,,1948.222,4199.398,2251.175,,,,,,,,,166989.882,269115.585,102125.703,0.6205136057058903,0.4639288774248118,,,
2018-05-25,,1951.232,4235.082,2283.85,,,,,,,,,167117.164,271426.257,104309.092,0.6157000647140781,0.4607306304812988,,,
2018-06-01,,2002.033,4396.957,2394.923,,,,,,,,,170209.282,276310.835,106101.553,0.6160065420525402,0.4553223968303533,,,
2018-06-08,,1942.761,4244.516,2301.755,,,,,,,,,175244.904,283044.38,107799.476,0.6191428496124883,0.4577108438276591,,,
2018-06-15,,1900.244,4261.735,2361.491,,,,,,,,,176479.67,283731.773,107252.103,0.6219947386717244,0.4458850679359463,,,
2018-06-22,,1865.335,3833.363,1968.028,,,,,,,,,168075.539,275185.048,107109.509,0.6107727880622351,0.4866053645323963,,,
2018-06-29,,1804.877,3856.798,2051.921,,,,,,,,,165972.391,272385.87,106413.479,0.6093281967966988,0.4679729143190802,,,
2018-07-06,,1914.762,4001.025,2086.263,,,,,,,,,165397.413,273758.568,108361.155,0.6041725532404157,0.4785678669840853,,,
2018-07-13,,1801.642,3977.908,2176.266,,,,,,,,,160705.86,269714.661,109008.801,0.5958365756023918,0.45291193260377066,,,
2018-07-20,,1834.872,3835.42,2000.549,,,,,,,,,163708.621,273633.285,109924.664,0.59827743909152,0.4784018438658609,,,
2018-07-27,,1804.054,3872.519,2068.464,,,,,,,,,165956.251,277064.544,111108.293,0.5989804707743478,0.46586059358262677,,,
2018-08-03,,1756.113,3891.244,2135.131,,,,,,,,,167164.351,277069.162,109904.812,0.603330770531583,0.45129860784880105,,,
2018-08-10,,1777.971,4006.068,2228.097,,,,,,,,,166547.617,277374.432,110826.815,0.6004432917594943,0.44381947585512777,,,
2018-08-17,,1821.63,3896.035,2074.405,,,,,,,,,168020.342,280692.828,112672.486,0.5985915037344667,0.46755996801876787,,,
2018-08-24,,1791.583,3930.042,2138.459,,,,,,,,,169589.123,283913.656,114324.532,0.5973264033484884,0.45586866501681156,,,
2018-08-31,,1788.358,3977.786,2189.427,,,,,,,,,169296.152,283417.971,114121.82,0.597337393259371,0.44958627739149365,,,
2018-09-07,,1823.317,4073.303,2249.986,,,,,,,,,168197.341,283566.488,115369.147,0.5931495720326444,0.447626164810229,,,
2018-09-14,,1829.579,4144.858,2315.279,,,,,,,,,171137.559,286781.681,115644.122,0.5967520603242438,0.44140933175515296,,,
2018-09-21,,2297.234,4479.878,2182.645,,,,,,,,,168220.545,283748.025,115527.48,0.5928518621407145,0.5127894107830615,,,
2018-09-28,,2090.386,4362.769,2272.383,,,,,,,,,163207.324,277621.816,114414.491,0.5878764369151739,0.4791420311274789,,,
2018-10-05,,2048.722,4431.698,2382.976,,,,,,,,,163849.376,278394.888,114545.512,0.5885502322873113,0.4622882696429224,,,
2018-10-12,,2104.571,4577.607,2473.036,,,,,,996.657,52260.788,51264.131,219362.402,282536.018,63173.616,0.7764050882886019,0.4597535349801763,0.019070837584768144,,
2018-10-19,,1950.705,4291.776,2341.071,,,,,,1017.092,52452.381,51435.288,220252.654,283364.773,63112.119,0.7772760589404669,0.45452162461414575,0.0193907689338259,,
2018-10-26,,1931.869,4386.768,2454.898,,,,,,1055.507,53237.355,52181.848,219927.763,282905.505,62977.741,0.7773894785115617,0.4403854956542037,0.01982643577991431,,
2018-11-02,,1887.211,4439.915,2552.704,,,,,,1099.333,55311.311,54211.978,220490.89,282734.093,62243.203,0.7798525026127642,0.42505565984934396,0.01987537413459609,,
2018-11-09,,1828.119,4466.919,2638.8,,,,,,1041.179,54309.667,53268.487,219188.993,280269.982,61080.989,0.7820637495170638,0.4092572531536838,0.019171154188811358,,
2018-11-16,,1925.191,4520.711,2595.52,,,,,,1056.898,54347.9,53291.002,219581.005,280441.165,60860.159,0.7829842134623853,0.4258602241992465,0.019446896752220416,,
2018-11-23,,2188.879,4489.632,2300.753,,,,,,1083.408,54346.394,53262.986,218397.891,278817.226,60419.335,0.7833012835440806,0.48754084967320266,0.019935232501350503,,
2018-11-30,,1922.759,4366.075,2443.316,,,,,,1122.947,56912.931,55789.984,219966.394,279976.455,60010.061,0.7856603299016697,0.44038615919332585,0.019730964128345452,,
2018-12-07,,2099.434,4594.217,2494.783,,,,,,1057.579,55960.43,54902.851,221408.546,280830.67,59422.124,0.7884058603713049,0.456973190426138,0.01889869323734646,,
2019-01-25,,1852.739,4016.128,2163.388,,,,,,938.414,50559.102,49620.688,213320.274,271044.439,57724.165,0.7870306241553253,0.4613246888545385,0.018560733139603627,,
2019-02-01,,1812.81,4099.007,2286.197,,,,,,1019.625,52788.861,51769.237,214080.998,271707.617,57626.619,0.7879094460572299,0.4422558927076729,0.019315154384558515,,
2019-02-08,,1806.383,4200.747,2394.364,,,,,,931.357,51580.695,50649.339,216457.405,274293.865,57836.46,0.7891441720725325,0.43001470928860985,0.01805630963289657,,
2019-02-15,,1816.794,4334.974,2518.18,,,,,,934.576,52085.119,51150.543,219594.306,277971.699,58377.393,0.7899879980227771,0.41910147557978433,0.017943244019467442,,
2019-02-22,,1837.652,4122.986,2285.334,,,,,,966.717,52720.903,51754.186,221707.536,280219.502,58511.966,0.7911923846042664,0.4457090079859597,0.01833650307544998,,
2019-03-01,,1810.206,4165.691,2355.486,,,,,,968.157,54363.77,53395.613,221612.797,280492.807,58880.009,0.7900837079219647,0.4345511945077059,0.017808864249112967,,
2019-03-08,,1855.348,4233.006,2377.658,,,,,,925.836,53673.108,52747.273,223296.253,281543.298,58247.045,0.7931151428083363,0.438305072092976,0.017249532112058798,,
2019-03-15,,1844.332,4244.587,2400.255,,,,,,982.229,55490.168,54507.939,226868.618,285354.395,58485.776,0.7950416113268554,0.4345138879236072,0.01770095559991817,,
2019-03-22,,2254.055,4250.177,1996.122,,,,,,932.74,50893.593,49960.854,220067.234,278072.572,58005.339,0.7914021595772488,0.5303437950937102,0.0183272578141614,,
2019-03-29,,1904.305,3989.231,2084.926,,,,,,1009.885,53150.624,52140.739,224040.636,282149.038,58108.403,0.7940506818244052,0.47736142629995604,0.0190004354417363,,
2019-04-05,,1898.314,4061.271,2162.957,,,,,,946.312,52017.33,51071.018,222931.646,281142.627,58210.982,0.7929485769512996,0.4674186972501958,0.018192244776884935,,
2019-04-12,,1892.166,4103.421,2211.254,,,,,,956.569,52800.133,51843.565,229866.703,288868.068,59001.365,0.7957497849848879,0.46111914911972224,0.018116791486112355,,
2019-04-19,,1930.386,3906.012,1975.627,,,,,,940.829,51023.987,50083.158,230897.917,289634.473,58736.556,0.7972045406349125,0.49420892716151404,0.018438954995814025,,
2019-04-26,,1858.168,3878.699,2020.531,,,,,,976.568,51417.348,50440.78,234262.785,292139.407,57876.623,0.8018869737761876,0.47906991493797274,0.018992967120746874,,
2019-05-03,,1871.335,3961.58,2090.245,,,,,,949.857,52388.5,51438.643,233583.927,291703.943,58120.016,0.8007568379012278,0.47237087222774754,0.018131021121047558,,
2019-05-10,,1942.183,4107.571,2165.388,,,,,,926.869,52196.457,51269.588,235560.148,293863.684,58303.536,0.8015966613962411,0.4728300496814297,0.017757316363445894,,
2019-05-17,,1947.988,4063.32,2115.331,,,,,,944.477,52367.79,51423.313,235338.088,293522.08,58183.992,0.8017730318618619,0.4794079718063062,0.01803545652776258,,
2019-05-24,,1944.125,4061.051,2116.926,,,,,,1033.639,52743.957,51710.318,238857.402,295941.148,57083.746,0.8071111557626316,0.4787245961698092,0.01959729718420633,,
2019-05-31,,1946.117,4109.626,2163.51,,,,,,1092.141,54545.092,53452.95,238658.224,295823.82,57165.596,0.8067579683069469,0.4735508778657717,0.02002271808433287,,
2019-06-07,,1933.727,4175.062,2241.335,,,,,,1037.342,54234.587,53197.245,243339.425,301303.455,57964.03,0.8076224184020724,0.46316126562910925,0.019126945688735495,,
2019-06-14,,1903.877,4209.832,2305.955,,,,,,1093.448,56272.5,55179.051,246439.864,304303.775,57863.911,0.8098481985640829,0.4522453627603191,0.01943130303434182,,
2019-06-21,,1974.059,4076.22,2102.161,,,,,,1002.593,51155.037,50152.444,243329.143,300921.734,57592.591,0.8086127238652693,0.48428666754983785,0.019599106144718458,,
2019-06-28,,1899.471,4012.673,2113.202,,,,,,1095.698,52947.369,51851.671,239115.949,295858.974,56743.025,0.8082092145699119,0.4733680018282078,0.020694097189229557,,
2019-07-05,,1899.33,4049.911,2150.581,,,,,,949.165,51255.083,50305.918,237221.44,293227.658,56006.218,0.8090009026365447,0.4689806763654806,0.018518456013426023,,
2019-07-12,,1914.194,4080.948,2166.754,,,,,,978.114,52355.362,51377.248,242265.405,298233.462,55968.057,0.8123347506860247,0.4690562094885796,0.018682212530590468,,
2019-07-19,,1855.918,3816.401,1960.483,,,,,,980.77,51840.783,50860.014,241076.236,296197.125,55120.889,0.8139047129508769,0.48630057480856964,0.018918888628669053,,
2019-07-26,,1876.945,3884.26,2007.315,,,,,,988.554,52184.793,51196.238,238373.775,293266.356,54892.581,0.8128234627772986,0.48321816768187503,0.01894333469905687,,
2019-08-02,,1912.203,3989.019,2076.816,,,,,,1008.369,54567.04,53558.671,236986.347,291452.096,54465.748,0.8131228090396029,0.4793667315197045,0.01847945206483621,,
2019-08-09,,1942.727,4119.554,2176.827,,,,,,1013.929,53374.022,52360.093,239603.701,293969.091,54365.39,0.8150642646984951,0.4715867300198031,0.01899667594846047,,
2019-08-16,,1965.23,4163.061,2197.831,,,,,,1024.934,53901.717,52876.783,234054.726,287547.157,53492.431,0.8139698839032513,0.4720637050478002,0.01901486737426194,,
2019-08-23,,1968.669,4068.249,2099.581,,,,,,1032.613,54716.201,53683.588,233930.944,286281.133,52350.189,0.8171371321211028,0.48391064558732766,0.018872161830094894,,
2019-08-30,,1957.058,4360.46,2403.402,,,,,,1078.079,56881.44,55803.362,232177.935,284382.771,52204.836,0.816427571134399,0.44881916128114924,0.01895308909197798,,
2019-09-06,,1941.129,4374.543,2433.414,,,,,,1070.698,56565.607,55494.909,239647.001,295504.555,55857.554,0.8109756582263173,0.4437329796506744,0.018928427657463307,,
2019-09-13,,1996.363,4505.961,2509.597,,,,,,1100.735,58253.789,57153.054,239833.488,295684.884,55851.396,0.8111117645094092,0.4430493295436867,0.018895509097270908,,
2019-09-20,,2366.069,4386.196,2020.127,,,,,,1059.164,52946.498,51887.334,232534.199,284062.417,51528.218,0.8186024798908895,0.5394353102323745,0.020004420311235692,,
2019-09-27,,2220.073,4316.293,2096.221,,,,,,1101.244,54596.442,53495.198,229189.344,280537.966,51348.622,0.8169637331725718,0.5143471492783275,0.020170618444330123,,
2019-10-04,,2181.114,4365.478,2184.364,,,,,,1022.611,53522.962,52500.351,224719.461,276049.098,51329.636,0.8140561321450144,0.499627761266922,0.01910602406496113,,
2019-10-11,,2141.183,4403.118,2261.935,,,,,,986.967,53259.17,52272.203,227028.83,278572.496,51543.666,0.8149721643733271,0.48628789871177647,0.01853140032035798,,
2019-10-18,,2195.33,4358.352,2163.021,,,,,,1013.867,53953.303,52939.436,234683.465,287344.613,52661.148,0.816731737372087,0.5037064468404572,0.018791564994639902,,
2019-10-25,,2091.379,4171.071,2079.692,,,,,,1013.935,53374.461,52360.526,231837.786,284004.283,52166.497,0.8163179215152893,0.501400959130161,0.018996632115872793,,
2019-11-01,,2156.55,4260.689,2104.139,,,,,,1093.297,55173.125,54079.829,228576.455,281079.747,52503.292,0.8132085553641829,0.5061505310526068,0.019815752687563012,,
2019-11-08,,2122.678,4300.611,2177.932,,,,,,1061.167,53626.335,52565.167,225978.075,278293.241,52315.165,0.8120142414813446,0.49357591281796936,0.019788169376109704,,
2019-11-15,,2099.695,4268.187,2168.492,,,,,,1134.777,54335.435,53200.658,227189.309,279611.829,52422.52,0.8125168016407488,0.49194072330945204,0.020884658418580806,,
2019-11-22,,2075.512,4100.431,2024.919,,,,,,1118.861,53727.791,52608.93,224733.526,276165.642,51432.116,0.8137635238492122,0.5061692295273351,0.020824623145217346,,
2019-11-29,,2115.49,4171.821,2056.331,,,,,,1197.912,55974.978,54777.066,227752.172,279146.998,51394.826,0.8158861590193421,0.5070903090041494,0.021400848071793793,,
2019-12-06,,2044.476,4144.662,2100.187,,,,,,1149.548,54867.162,53717.614,232996.639,284453.346,51456.707,0.8191031755344512,0.49327930721491886,0.020951475492754664,,
2019-12-13,,2070.055,4237.165,2167.111,,,,,,1162.089,56953.31,55791.221,224414.767,275776.126,51361.359,0.8137570508913451,0.48854717718096885,0.020404239894046543,,
2019-12-20,,2154.542,4147.468,1992.926,,,,,,1105.999,50886.923,49780.925,213076.648,263015.135,49938.487,0.8101307477989812,0.519483694630073,0.021734444426911016,,
2019-12-27,,1950.529,3842.2,1891.671,,,,,,1024.546,48796.258,47771.712,207223.031,256765.865,49542.834,0.8070505438875218,0.507659413877466,0.020996405093193827,,
2020-01-03,,1948.432,3827.046,1878.614,,,,,,1016.011,48267.33,47251.32,202869.075,252149.052,49279.977,0.8045601337418473,0.5091216567556283,0.02104966236997157,,
2020-01-10,,1989.008,3926.905,1937.897,,,,,,1016.132,50148.794,49132.662,215614.145,264940.756,49326.61,0.8138202225104242,0.5065077968527377,0.02026234170257414,,
2020-01-17,,2036.141,3758.299,1722.157,,,,,,1021.594,48537.233,47515.639,220320.823,269674.026,49353.203,0.816989408538737,0.5417719558768475,0.021047635739762916,,
2020-01-24,,2073.266,3852.643,1779.377,,,,,,1047.123,47989.732,46942.609,222675.575,272121.451,49445.876,0.8182948245414141,0.5381412188982991,0.021819730103931397,,
2020-01-31,,2139.409,3985.773,1846.364,,,,,,1117.572,50332.119,49214.546,225256.036,274734.267,49478.231,0.8199051340035424,0.536761376024174,0.02220395290728769,,
2020-02-07,,2149.163,4059.509,1910.346,,,,,,1122.659,49256.252,48133.593,226522.184,275949.808,49427.624,0.8208818322497257,0.5294145178641062,0.022792213260562338,,
2020-02-14,,2149.28,4096.096,1946.816,,,,,,1109.152,50122.654,49013.502,228510.457,277532.239,49021.782,0.8233654505269926,0.5247142645094257,0.022128756390274146,,
2020-02-21,,2218.118,4050.565,1832.447,,,,,,1162.236,50362.914,49200.678,228016.186,277007.088,48990.902,0.8231420634261892,0.5476070622246526,0.023077219082279474,,
2020-02-28,,2544.994,4610.548,2065.554,,,,,,1236.633,53258.117,52021.483,239936.428,289172.225,49235.798,0.829735386930747,0.5519938193897993,0.023219615518888886,,
2020-03-06,,2611.825,4888.649,2276.824,,,,,,1233.576,54457.717,53224.141,257913.36,307823.366,49910.006,0.8378615416738702,0.5342631471394244,0.02265199622672394,,
2020-03-13,,2834.952,5178.391,2343.439,,,,,,1297.468,56982.993,55685.525,249316.012,298752.703,49436.691,0.834523033587415,0.5474580810912116,0.022769390158217908,,
2020-03-20,,3585.409,5608.965,2023.556,,,,,,1279.719,51823.446,50543.727,234449.758,282088.054,47638.295,0.8311226040078961,0.6392282711694581,0.024693822946470986,,
2020-03-27,,3103.139,5679.833,2576.694,,,,,,1288.111,53078.399,51790.288,238576.644,286962.91,48386.265,0.8313849479711508,0.5463433519964408,0.02426808314244746,,
2020-04-03,,2949.819,5473.319,2523.501,,,,,,1281.75,52271.352,50989.601,234855.63,282407.45,47551.82,0.8316198103130777,0.5389451994301812,0.024521079921560093,,
2020-04-10,,2945.488,5479.697,2534.209,,,,,,1213.625,50837.704,49624.079,234288.987,281959.543,47670.556,0.8309312198026935,0.5375275311755375,0.02387253759532492,,
2020-04-17,,2734.221,4959.188,2224.967,,,,,,1184.615,49866.024,48681.409,233503.348,280798.071,47294.723,0.8315703422335832,0.5513444943002765,0.023755954555350154,,
2020-04-24,,2678.628,4939.109,2260.481,,,,,,1133.425,49285.03,48151.605,230621.068,277951.313,47330.245,0.8297174980425438,0.5423302057111921,0.022997348282023974,,
2020-05-01,,2821.787,5120.569,2298.781,,,,,,1133.939,50262.029,49128.09,231498.783,279119.614,47620.831,0.8293891628841247,0.5510690315861381,0.022560549634794886,,
2020-05-08,,2640.398,4924.459,2284.062,,,,,,1093.61,48945.097,47851.487,230481.44,277865.66,47384.219,0.8294707593590371,0.5361803195031171,0.02234360675595351,,
2020-05-15,,2653.907,4982.619,2328.712,,,,,,1113.815,49789.122,48675.307,228555.495,275840.824,47285.33,0.8285774806125143,0.5326329386212352,0.022370649556744542,,
2020-05-22,,2714.439,4853.785,2139.345,,,,,,1123.729,48979.753,47856.024,231720.755,279188.562,47467.807,0.8299793993709528,0.5592417051847166,0.022942724925542196,,
2020-05-29,,2753.125,4949.677,2196.552,,,,,,1158.173,50017.838,48859.664,249140.147,296733.029,47592.882,0.8396104331210127,0.556223163652901,0.023155199151150833,,
2020-06-05,,2681.235,4919.042,2237.807,,,,,,1133.339,50765.27,49631.931,233979.132,282060.947,48081.815,0.8295339517526332,0.545072597469182,0.02232508563433229,,
2020-06-12,,2797.814,5115.789,2317.975,,,,,,1201.668,53447.826,52246.158,232175.535,279876.522,47700.987,0.8295641711597374,0.5468978489925992,0.022483009879578637,,
2020-06-19,,2639.504,4704.581,2065.076,,,,,,1133.123,48464.483,47331.36,224038.787,270905.774,46866.987,0.8269989365379862,0.5610497512955989,0.023380482569059904,,
2020-06-26,,2503.47,4539.472,2036.002,,,,,,1121.237,48859.537,47738.3,218875.426,265459.77,46584.344,0.8245144866960443,0.5514892480887645,0.022948170794168603,,
2020-07-03,,2433.927,4493.305,2059.378,,,,,,1006.528,47040.657,46034.129,218744.57,265381.613,46637.042,0.8242642266252259,0.5416785639968797,0.021396980063437467,,
2020-07-10,,2488.181,4583.94,2095.759,,,,,,1077.311,50073.736,48996.424,215146.808,262112.453,46965.645,0.8208187193608844,0.5428040070332509,0.021514492148139296,,
2020-07-17,,2473.604,4406.883,1933.279,,,,,,1075.444,50619.297,49543.854,215320.638,261662.108,46341.47,0.8228957553150952,0.5613046681747621,0.021245731642618428,,
2020-07-24,,2513.536,4047.035,1533.5,,,,,,1047.233,49847.04,48799.808,213162.309,258680.906,45518.597,0.8240357291774756,0.6210808653742802,0.02100893052024754,,
2020-07-31,,2522.501,4104.912,1582.412,,,,,,1123.441,53589.479,52466.038,213227.94,259055.704,45827.763,0.8230968734044938,0.6145079358583083,0.020963835084121644,,
2020-08-07,,2540.702,4143.568,1602.866,,,,,,1051.888,51028.595,49976.707,211952.475,258048.886,46096.411,0.8213655880692312,0.6131676854343889,0.020613697084938355,,
2020-08-14,,2501.135,4131.832,1630.697,,,,,,1086.118,52197.956,51111.838,212818.648,258585.507,45766.859,0.8230107343177588,0.6053331790837575,0.020807673005433392,,
2020-08-21,,2538.68,4034.855,1496.175,,,,,,1051.78,51491.311,50439.531,212976.394,258604.184,45627.79,0.8235612846851696,0.6291874181352242,0.020426358924906768,,
2020-08-28,,2485.172,4017.648,1532.476,,,,,,1131.808,54539.264,53407.456,213914.116,259725.972,45811.856,0.8236146518300449,0.6185638960904489,0.020752168566117796,,
2020-09-04,,2507.215,4079.305,1572.091,,,,,,1076.549,53176.844,52100.296,212764.6,258823.365,46058.765,0.8220455676403094,0.6146181763805355,0.020244695228622444,,
2020-09-11,,2630.266,4248.364,1618.098,,,,,,1163.707,55697.576,54533.869,213075.486,260726.807,47651.32,0.8172365874138903,0.6191244441389675,0.020893314998124874,,
2020-09-18,,2628.151,4089.094,1460.943,,,,,,1074.261,50295.29,49221.028,205165.415,253468.983,48303.568,0.8094300634803905,0.6427220797565426,0.02135907755974764,,
2020-09-25,,2881.15,4433.31,1552.16,,,,,,1152.94,51197.095,50044.155,202770.747,249584.072,46813.325,0.8124346452685491,0.649886879103875,0.02251963710050346,,
2020-10-02,,3095.102,4706.583,1611.481,,,,,,1126.559,52174.909,51048.35,204662.744,252004.037,47341.293,0.8121407356660719,0.6576112649027968,0.02159196866064491,,
2020-10-09,,2719.206,4383.973,1664.768,,,,,,1099.531,50970.927,49871.396,206658.624,252851.104,46192.48,0.8173135126987621,0.6202606631017117,0.021571728526734463,,
2020-10-16,,2666.094,4320.518,1654.423,,,,,,1107.201,49134.655,48027.455,208866.391,255127.151,46260.76,0.8186756689020527,0.6170773967380763,0.022534013925609126,,
2020-10-23,,2780.562,4291.805,1511.243,,,,,,1139.356,49778.059,48638.703,209261.588,255865.183,46603.596,0.8178587862030451,0.647877058720049,0.022888718903242088,,
2020-10-30,,2726.375,4301.681,1575.306,,,,,,1123.988,51941.482,50817.494,207988.023,254400.973,46412.95,0.8175598565812089,0.6337929288573467,0.02163950578075535,,
2020-11-06,,2784.469,4429.017,1644.548,,,,,,1147.545,50698.687,49551.141,211711.821,258963.075,47251.253,0.8175367125216596,0.628687810410301,0.022634609846996633,,
2020-11-13,,3034.697,4707.11,1672.412,,,,,,1161.39,51561.934,50400.544,211928.016,259464.483,47536.467,0.8167900806678038,0.6447049251026639,0.02252417451990843,,
2020-11-20,,2843.363,4392.259,1548.896,,,,,,1182.866,52168.902,50986.036,211104.238,258405.558,47301.32,0.8169492933275067,0.6473577719346696,0.022673776036152723,,
2020-11-27,,2209.136,3729.356,1520.22,,,,,,1229.369,56217.293,54987.924,210903.742,260741.277,49837.536,0.8088621196712172,0.5923639362935584,0.02186816430310865,,
2020-12-04,,2086.614,3768.471,1681.856,,,,,,1238.577,57084.614,55846.038,212438.456,262357.156,49918.7,0.8097299850285006,0.553703080108617,0.021697212492318856,,
2020-12-11,,2077.654,3876.702,1799.047,,,,,,1260.947,60887.852,59626.905,213127.308,263196.521,50069.213,0.8097649132679835,0.5359333784232061,0.02070933624001057,,
2020-12-18,,1996.661,3637.183,1640.523,,,,,,1177.792,54861.964,53684.173,211716.767,261539.138,49822.371,0.8095031918320384,0.5489580810203941,0.02146827991794096,,
2020-12-25,,1963.504,3544.125,1580.621,,,,,,1070.963,51126.586,50055.623,209463.243,258959.012,49495.769,0.8088663969725062,0.5540165767290939,0.020947281713666544,,
2021-01-01,,1849.894,3491.581,1641.686,,,,,,1083.435,51565.931,50482.496,196581.872,246085.434,49503.563,0.7988358709601642,0.5298155763821604,0.021010674664246828,,
2021-01-08,,1887.38,3602.074,1714.695,,,,,,1122.124,55101.139,53979.015,217864.349,267861.513,49997.163,0.8133469663482413,0.523970357077617,0.02036480588903979,,
2021-01-15,,1918.747,3739.525,1820.777,,,,,,1190.378,54927.785,53737.408,224877.76,275461.311,50583.551,0.8163678564646054,0.513099123551788,0.021671691294305784,,
2021-01-22,,1947.144,3782.259,1835.115,,,,,,1201.127,57799.093,56597.966,227653.334,278581.996,50928.662,0.8171860969795048,0.5148098001749748,0.02078107004205066,,
2021-01-29,,1973.828,3865.457,1891.629,,,,,,1310.854,60784.017,59473.163,219341.068,271199.738,51858.67,0.8087805306065597,0.5106325073594145,0.021565767856375796,,
2021-02-05,,1949.07,3908.742,1959.673,,,,,,1294.565,57358.121,56063.555,223029.219,273981.316,50952.097,0.8140307604041146,0.498643809184643,0.02256986416971365,,
2021-02-12,,1971.541,3998.408,2026.866,,,,,,1314.8,57471.509,56156.709,228163.734,280107.88,51944.146,0.814556641533969,0.49308149643558136,0.022877422619962874,,
2021-02-19,,2006.82,3958.355,1951.535,,,,,,1316.527,57082.4,55765.873,228403.314,280242.266,51838.951,0.8150209362066748,0.5069833301965084,0.023063623813995206,,
2021-02-26,,2072.085,4106.631,2034.546,,,,,,1439.706,61451.966,60012.26,236567.0,288813.498,52246.498,0.8190995283745359,0.5045705348252618,0.02342815199761062,,
2021-03-05,,2020.647,4109.172,2088.525,,,,,,1335.136,56387.956,55052.82,236277.653,287922.373,51644.72,0.8206297084110236,0.4917406718433787,0.023677680389762666,,
2021-03-12,,2015.565,4122.182,2106.617,,,,,,1461.092,59251.298,57790.206,238327.141,290900.458,52573.317,0.8192738596513314,0.48895584911098056,0.02465924037647243,,
2021-03-19,,2052.035,3916.434,1864.399,,,,,,1327.08,51745.027,50417.947,227178.179,278239.376,51061.197,0.8164846480966806,0.5239549549411531,0.02564652251510082,,
2021-03-26,,2269.99,4308.695,2038.705,,,,,,1366.183,52159.324,50793.141,224028.246,273851.99,49823.745,0.8180632391972029,0.5268393330231079,0.026192498200321768,,
2021-04-02,,2226.694,4302.289,2075.595,,,,,,1364.918,52997.403,51632.485,220175.612,270219.439,50043.827,0.8148030090462884,0.517560303364093,0.025754431778477898,,
2021-04-09,,2142.613,4275.357,2132.744,,,,,,1274.914,52301.389,51026.475,214868.701,265290.824,50422.123,0.8099364228293097,0.5011541726223097,0.024376293333242066,,
2021-04-16,,2141.009,4318.628,2177.618,,,,,,1258.355,52017.159,50758.804,213162.653,263426.839,50264.186,0.8091910976466601,0.4957613853288591,0.024191152000438934,,
2021-04-23,,2201.106,4148.86,1947.754,,,,,,1289.585,51970.66,50681.075,211171.076,262377.006,51205.93,0.8048383477628371,0.5305327246520732,0.0248137121983827,,
2021-04-30,,2157.991,4146.029,1988.038,,,,,,1299.287,54929.174,53629.887,225590.452,276283.801,50693.349,0.8165171145882708,0.5204958768981114,0.023653860150891767,,
2021-05-07,,2174.07,4222.191,2048.122,,,,,,1267.524,52607.547,51340.022,232952.92,285071.983,52119.063,0.8171722718889566,0.5149151234513077,0.024093957469638338,,
2021-05-14,,2220.067,4341.661,2121.594,,,,,,1276.863,53021.028,51744.164,232552.066,284675.924,52123.858,0.8169010667723344,0.5113404754539794,0.024082199990539604,,
2021-05-21,,2222.522,4056.267,1833.744,,,,,,1356.468,53224.876,51868.408,226588.039,278129.137,51541.098,0.814686449050464,0.547923004082325,0.02548560188284892,,
2021-05-28,,2196.785,4080.812,1884.026,,,,,,1388.232,55723.45,54335.218,229851.804,281641.272,51789.468,0.8161154875056806,0.5383205597317396,0.024912886764907775,,
2021-06-04,,2202.967,4154.658,1951.691,,,,,,1401.084,54449.42,53048.336,229805.335,282366.55,52561.214,0.8138546686921663,0.5302402748914592,0.02573184434287822,,
2021-06-11,,2137.354,4643.774,2506.42,,,,,,1450.668,56408.378,54957.71,228986.014,281251.619,52265.605,0.8141678075104698,0.46026227805229103,0.025717243633560958,,
2021-06-18,,2195.285,4506.879,2311.595,,,,,,1326.409,51209.431,49883.022,222310.375,272626.721,50316.346,0.8154386854838047,0.4870965029236418,0.02590165471668686,,
2021-06-25,,2086.623,4462.207,2375.584,,,,,,1331.227,52203.341,50872.114,223400.006,274793.777,51393.771,0.8129733083438785,0.46762129143717446,0.025500800801236075,,
2021-07-02,,2033.95,4468.128,2434.178,,,,,,1365.685,53454.045,52088.359,221833.463,272962.654,51129.191,0.8126879620682469,0.4552130109074763,0.025548768105388468,,
2021-07-09,,2102.089,4576.552,2474.462,,,,,,1295.471,53753.023,52457.552,223172.023,274326.275,51154.252,0.8135276979939307,0.45931718901041657,0.02410043059345704,,
2021-07-16,,2077.862,4001.682,1923.82,,,,,,1359.045,52043.372,50684.327,219620.029,270451.659,50831.63,0.8120491100407708,0.5192471565706621,0.026113699934739047,,
2021-07-23,,2147.425,3883.46,1736.035,,,,,,1331.336,52971.426,51640.089,220284.798,271245.722,50960.924,0.8121226627124464,0.5529669418508238,0.025133097228683253,,
2021-07-30,,2131.231,3922.3,1791.069,,,,,,1412.671,55341.808,53929.137,221469.468,271943.095,50473.627,0.8143963647983047,0.5433625678810902,0.025526289274828175,,
2021-08-06,,2116.474,3914.74,1798.266,,,,,,1360.831,51998.271,50637.441,221320.358,272056.293,50735.935,0.8135094232133788,0.540642290420309,0.026170697098755455,,
2021-08-13,,2131.815,3982.038,1850.223,,,,,,1382.76,52979.455,51596.695,220079.025,270728.426,50649.4,0.8129143594252641,0.5353577740845266,0.02609992873652626,,
2021-08-20,,2188.454,3883.222,1694.768,,,,,,1373.941,52834.161,51460.219,217448.245,266860.547,49412.302,0.814838489407728,0.5635665434528337,0.02600478504806767,,
2021-08-27,,2148.66,3868.271,1719.611,,,,,,1458.985,55278.279,53819.295,221641.024,271684.327,50043.303,0.8158034968281406,0.5554574640711573,0.026393459174081736,,
2021-09-03,,2172.847,3980.227,1807.381,,,,,,1404.524,55264.436,53859.912,223074.684,273137.753,50063.07,0.8167112804797805,0.5459103211952485,0.02541460841109461,,
2021-09-10,,2182.94,4065.516,1882.576,,,,,,1509.432,57601.444,56092.012,223189.587,273218.671,50029.083,0.816889951858378,0.5369404523312662,0.026204759727898486,,
2021-09-17,,2240.182,3897.726,1657.544,,,,,,1366.866,51683.778,50316.912,219571.87,269315.606,49743.736,0.815295753785616,0.5747407590990233,0.02644671215792313,,
2021-09-24,,2677.405,4559.646,1882.241,,,,,,1417.8,52682.208,51264.407,219214.996,268987.933,49772.937,0.8149621938616852,0.5871958042356797,0.026912311647985597,,
2021-10-01,,2569.55,4555.36,1985.81,,,,,,1421.827,54754.192,53332.364,221362.779,271046.264,49683.485,0.8166973996734372,0.5640717747883812,0.02596745469278407,,
2021-10-08,,2427.861,4510.292,2082.431,,,,,,1403.346,52054.296,50650.95,226704.714,276028.716,49324.002,0.8213084395175754,0.538293529554184,0.026959273447862978,,
2021-10-15,,2443.119,4652.604,2209.485,,,,,,1411.93,53723.47,52311.54,234877.924,284776.937,49899.013,0.8247786020677651,0.5251078750738296,0.02628143714469672,,
2021-10-22,,2424.106,4578.379,2154.273,,,,,,1482.364,53669.442,52187.078,237076.476,287623.932,50547.456,0.8242585182376271,0.5294681807687831,0.02762026107892085,,
2021-10-29,,2303.837,4526.78,2222.942,,,,,,1482.189,57099.13,55616.942,237307.41,287700.981,50393.571,0.8248404617014496,0.5089350487543022,0.025958171341664928,,
2021-11-05,,2294.311,4595.946,2301.635,,,,,,1450.4,54528.477,53078.077,237608.14,287681.037,50072.897,0.8259430043698014,0.49920321082971825,0.02659894572151722,,
2021-11-12,,2403.64,4762.478,2358.838,,,,,,1499.453,55856.014,54356.561,241011.759,290797.125,49785.365,0.8287969112486927,0.5047036437753623,0.026844969639258538,,
2021-11-19,,2268.12,4464.219,2196.099,,,,,,1535.002,56035.842,54500.84,234832.019,284604.697,49772.678,0.8251164561771095,0.5080664725453656,0.027393217362558772,,
2021-11-26,,2497.818,4768.03,2270.212,,,,,,1565.1,57725.267,56160.167,233632.685,281831.045,48198.36,0.8289813671875645,0.5238679286833346,0.027112910538811364,,
2021-12-03,,2266.576,4686.669,2420.093,,,,,,1550.642,58281.718,56731.076,233905.85,281717.541,47811.692,0.8302850052208853,0.48362194983259965,0.026605976165630534,,
2021-12-10,,2195.319,4694.586,2499.267,,,,,,1606.051,59909.053,58303.002,237584.469,285481.439,47896.97,0.832223873580797,0.4676278163825308,0.026808152016691032,,
2021-12-17,,2224.042,4474.174,2250.132,,,,,,1433.857,53487.155,52053.298,228085.303,275480.096,47394.793,0.8279556538269829,0.4970843780326827,0.026807501726349065,,
2021-12-24,,2083.023,4339.265,2256.241,,,,,,1355.126,51493.007,50137.881,229824.876,276809.393,46984.516,0.8302640076957215,0.480040513773646,0.02631669966370385,,
2021-12-31,,2125.648,4405.901,2280.253,,,,,,1374.029,52256.271,50882.242,227424.464,274728.087,47303.623,0.8278165748666244,0.48245478053183677,0.026294049952397102,,
2022-01-07,,2156.263,4589.394,2433.131,,,,,,1375.866,52398.134,51022.269,234035.339,281579.484,47544.145,0.831151956369094,0.46983610472319437,0.026257919795388135,,
2022-01-14,,2176.884,4854.269,2677.384,,,,,,1450.725,52892.724,51441.999,241704.34,289506.24,47801.9,0.8348847333998742,0.44844733573685347,0.027427685516820798,,
2022-01-21,,2253.641,4656.653,2403.012,,,,,,1494.584,52271.417,50776.833,242701.682,290539.83,47838.148,0.8353473670030026,0.48396154920712364,0.028592758447700012,,
2022-01-28,,2271.075,4835.036,2563.961,,,,,,1582.942,53765.929,52182.987,243815.117,291521.53,47706.413,0.836353723170978,0.4697121179656159,0.029441358671585496,,
2022-02-04,,2353.106,5154.753,2801.647,,,,,,1500.177,52467.209,50967.032,250362.637,298379.946,48017.309,0.839073270024655,0.4564924837329743,0.02859265870231443,,
2022-02-11,,2337.43,5326.902,2989.472,,,,,,1533.323,54066.118,52532.795,258463.545,306556.957,48093.412,0.8431175319893328,0.43879725964547495,0.02836014599753583,,
2022-02-18,,2344.329,5143.54,2799.211,,,,,,1584.881,54740.287,53155.406,260212.898,308446.58,48233.682,0.8436238715955287,0.4557812323808117,0.028952734573715336,,
2022-02-25,,2402.982,5320.143,2917.161,,,,,,1687.194,57102.994,55415.8,263565.34,311856.03,48290.69,0.8451506934145221,0.4516762049441152,0.029546506790869845,,
2022-03-04,,2310.531,5333.939,3023.408,,,,,,1627.496,57086.045,55458.549,258223.627,306001.412,47777.784,0.843864168182335,0.4331753700220418,0.028509524525652464,,
2022-03-11,,2339.299,5479.845,3140.545,,,,,,1787.633,59585.404,57797.771,256249.794,304282.585,48032.791,0.8421441338813392,0.42689145404660167,0.030001189553065712,,
2022-03-18,,2454.999,5265.004,2810.005,,,,,,1587.598,52929.876,51342.278,253230.468,306204.831,52974.363,0.8269969718407219,0.46628625543304425,0.029994364619331436,,
2022-03-25,,2574.756,5488.959,2914.203,,,,,,1638.065,53727.554,52089.489,250556.416,299500.489,48944.073,0.8365809913585817,0.4690791095360705,0.030488359846048457,,
2022-04-01,,2475.957,5606.807,3130.85,,,,,,1680.825,56145.531,54464.706,255378.276,304264.647,48886.371,0.8393294407286168,0.44159839994492406,0.02993693300362588,,
2022-04-08,,2432.782,5619.306,3186.523,,,,,,1619.182,54172.646,52553.464,255708.74,304466.717,48757.977,0.8398577766383575,0.4329328212416267,0.0298892913593329,,
2022-04-15,,2413.83,5603.534,3189.704,,,,,,1543.676,52466.421,50922.745,257261.053,305954.406,48693.353,0.8408476817294143,0.4307692252781905,0.029422170801396953,,
2022-04-22,,2494.629,5227.453,2732.824,,,,,,1556.449,53861.175,52304.726,256282.244,304693.107,48410.864,0.8411159888825447,0.4772169161540046,0.02889742008041971,,
2022-04-29,,2452.18,5043.362,2591.182,,,,,,1588.664,56133.621,54544.957,254914.962,302829.598,47914.636,0.8417769058360008,0.48621931164171833,0.02830147016526869,,
2022-05-06,,2490.108,5212.585,2722.478,,,,,,1523.809,54351.114,52827.305,245418.445,292641.539,47223.094,0.8386316099848012,0.47771077114330035,0.02803638946572466,,
2022-05-13,,2519.895,5408.598,2888.703,,,,,,1556.101,54133.306,52577.205,244649.74,291907.538,47257.798,0.8381069624861829,0.46590539729519553,0.02874572264254469,,
2022-05-20,,2530.73,5149.756,2619.026,,,,,,1650.87,55277.643,53626.773,245616.253,293075.885,47459.632,0.8380636741914129,0.49142716664634206,0.029865057741336763,,
2022-05-27,,2499.998,5281.074,2781.075,,,,,,1707.593,56413.298,54705.705,250523.167,298447.881,47924.713,0.8394201565800361,0.47338817823798723,0.030269334723171122,,
2022-06-03,,2631.813,5491.499,2859.686,,,,,,1641.612,56007.246,54365.633,252107.91,299996.284,47888.374,0.8403701093844216,0.4792522041795874,0.029310707403824143,,
2022-06-10,,2513.06,5470.71,2957.65,,,,,,1739.245,58157.781,56418.536,255189.17,303029.966,47840.796,0.8421251976116448,0.45936633453427433,0.029905628620871896,,
2022-06-17,,2605.39,5229.357,2623.967,,,,,,1586.232,52413.844,50827.612,248758.315,296291.595,47533.28,0.8395726345190454,0.4982237777990678,0.030263607454549604,,
2022-06-24,,2381.718,5084.262,2702.544,,,,,,1557.174,52915.413,51358.239,249598.254,297371.584,47773.33,0.8393480326620583,0.4684491082481587,0.029427607415631434,,
2022-07-01,,2376.195,5225.415,2849.22,,,,,,1581.771,53979.871,52398.1,248195.7,295882.839,47687.139,0.8388310077016667,0.4547380447294617,0.029302978512119823,,
2022-07-08,,2319.461,5243.901,2924.44,,,,,,1494.8,52219.763,50724.963,245269.289,292619.467,47350.178,0.8381851402934857,0.4423159399843742,0.028625177789489392,,
2022-07-15,,2282.864,5258.744,2975.88,,,,,,1528.945,53080.841,51551.895,247332.731,294681.798,47349.067,0.8393213719973298,0.4341082205180553,0.0288040839443369,,
2022-07-22,,2347.585,5053.364,2705.778,,,,,,1522.551,53307.062,51784.511,251799.955,299181.112,47381.157,0.8416305204454216,0.46455885623913107,0.02856190048515523,,
2022-07-29,,2341.914,5186.823,2844.909,,,,,,1578.568,55828.128,54249.56,250605.993,298087.682,47481.689,0.8407123411426307,0.45151222627030074,0.028275495821747775,,
2022-08-05,,2328.991,5191.992,2863.0,,,,,,1559.389,53644.756,52085.367,250235.265,297655.391,47420.126,0.8406878308479889,0.448573688095051,0.029068805905278047,,
2022-08-12,,2356.852,5311.846,2954.995,,,,,,1571.38,54755.466,53184.086,252146.357,298697.575,46551.218,0.8441526751598166,0.44369735116567766,0.02869813946976545,,
2022-08-19,,2338.309,5070.675,2732.366,,,,,,1557.697,53959.045,52401.348,249527.978,294850.928,45322.949,0.8462852048408679,0.46114353611698644,0.028868135082820684,,
2022-08-26,,2348.142,5174.557,2826.415,,,,,,1620.684,55335.25,53714.566,252138.645,297379.294,45240.649,0.8478688667543881,0.45378609222006827,0.029288455369768818,,
2022-09-02,,2364.414,5305.232,2940.818,,,,,,1626.193,56970.968,55344.775,254470.018,300148.712,45678.694,0.8478131267143335,0.4456758912711075,0.028544240287439033,,
2022-09-09,,2410.006,5426.797,3016.792,,,,,,1604.637,58023.157,56418.519,257911.141,303752.435,45841.294,0.8490833694880504,0.4440936338691129,0.027655113629890905,,
2022-09-16,,2428.17,5545.786,3117.616,,,,,,1715.824,59700.995,57985.171,254170.275,299207.38,45037.105,0.8494786291701761,0.43784055136638883,0.02874029151440441,,
2022-09-23,,2855.778,5701.304,2845.525,,,,,,1580.778,53217.208,51636.43,244744.631,288405.355,43660.724,0.848613337987431,0.5008990925584743,0.029704264079393267,,
2022-09-30,,2746.566,5780.895,3034.329,,,,,,1652.65,56585.641,54932.991,241665.752,285630.7,43964.948,0.8460776520170976,0.4751108608615101,0.02920617264015795,,
2022-10-07,,2696.303,5856.551,3160.248,,,,,,1594.454,54184.318,52589.864,241681.066,285698.355,44017.289,0.8459308979920448,0.460390936576835,0.029426484614976607,,
2022-10-14,,2718.887,5960.85,3241.963,,,,,,1625.923,54490.261,52864.338,243438.921,287468.085,44029.164,0.8468380794341048,0.45612404271202933,0.029838781649440073,,
2022-10-21,,2682.702,5671.621,2988.918,,,,,,1679.771,54630.853,52951.081,249654.491,293854.434,44199.944,0.8495855842692508,0.4730044549873837,0.030747661948459782,,
2022-10-28,,2697.172,5812.596,3115.423,,,,,,1661.345,56541.344,54879.999,252909.393,297759.182,44849.789,0.8493756306732466,0.46402192755182026,0.029382835328427993,,
2022-11-04,,2542.82,5234.046,2691.226,,,,,,1602.687,55502.712,53900.025,249108.466,292344.903,43236.438,0.8521047004537651,0.485823013401105,0.028875832229603483,,
2022-11-11,,2639.47,5426.175,2786.706,,,,,,1636.874,55572.976,53936.102,255754.525,299830.929,44076.404,0.8529958061798221,0.4864328924150068,0.02945449601259432,,
2022-11-18,,2638.334,5190.679,2552.345,,,,,,1723.645,58030.188,56306.543,247256.818,291434.479,44177.661,0.848413059595464,0.5082830203909738,0.029702557572276002,,
2022-11-25,,2734.601,5329.11,2594.509,,,,,,1730.347,57534.756,55804.409,245047.827,289148.511,44100.684,0.8474808538785801,0.5131440334314736,0.030074812518540966,,
2023-08-18,,2593.414,3959.067,1365.653,,,,,,1770.992,57806.309,56035.317,246635.837,285240.017,38604.18,0.8646607148393207,0.6550568606189286,0.030636655940098165,,
2023-08-25,,2601.548,4015.046,1413.498,,,,,,1887.782,58494.642,56606.86,244494.163,283386.985,38892.822,0.8627572046048622,0.6479497370640336,0.032272733629175814,,
2023-09-01,,2617.6,4081.334,1463.734,,,,,,1904.777,60676.784,58772.007,245152.227,284276.488,39124.261,0.8623725047567071,0.6413589282327788,0.031392187825907185,,
2023-09-08,,2603.739,4088.611,1484.872,,,,,,1905.981,60078.911,58172.931,245217.035,284031.792,38814.757,0.8633436182383414,0.6368272745927651,0.031724626300233705,,
2023-09-15,,2684.236,4230.771,1546.535,,,,,,1986.383,62846.023,60859.64,247959.658,287205.235,39245.577,0.863353545766671,0.6344555165004204,0.031607139245708515,,
2023-09-22,,3300.103,4667.915,1367.812,,,,,,1783.19,55870.25,54087.06,236207.69,275707.241,39499.552,0.8567337192279256,0.7069758125415737,0.031916628259225616,,
2023-10-20,,3026.165,4448.452,1422.288,,,,,,1839.55,58247.774,56408.224,237716.196,277945.69,40229.493,0.8552613138199768,0.680273722184706,0.03158146438351447,,
2023-10-27,,3069.972,4521.386,1451.414,,,,,,1894.387,58925.814,57031.427,238904.867,279156.139,40251.272,0.8558109015829309,0.6789891418250952,0.032148677657639145,,
2023-11-03,,3104.052,4624.237,1520.185,,,,,,2016.553,59902.002,57885.45,233582.786,273119.128,39536.342,0.8552414022059999,0.6712571176607082,0.033664200405188464,,
2023-11-10,,3059.856,4588.726,1528.87,,,,,,1985.829,60594.301,58608.471,234497.307,273733.529,39236.221,0.856662710836567,0.6668203767232997,0.032772537470149216,,
2023-11-17,,3107.232,4578.545,1471.313,,,,,,2108.967,62080.647,59971.68,238004.304,277854.656,39850.351,0.8565784263841884,0.6786505319921503,0.033971408191026106,,
2023-11-24,,3142.288,4609.384,1467.096,,,,,,2219.05,63670.791,61451.741,238472.231,278320.822,39848.591,0.8568249737348074,0.6817153875658873,0.034851930769950704,,
2023-12-01,,2887.467,4449.842,1562.375,,,,,,2257.624,65883.514,63625.89,241187.411,281076.306,39888.895,0.8580851742088855,0.6488920280765026,0.03426690324987826,,
2023-12-08,,2862.272,4506.269,1643.997,,,,,,2199.808,64091.188,61891.38,238055.141,278223.197,40168.056,0.855626502631267,0.6351755742943885,0.03432309602374666,,
2023-12-15,,2746.805,4530.532,1783.727,,,,,,2262.362,66700.546,64438.184,239599.579,280227.442,40627.863,0.8550182569200343,0.6062875176690066,0.03391819311344168,,
2023-12-22,,2616.996,4088.154,1471.158,,,,,,1861.946,56234.117,54372.172,232459.141,272873.745,40414.604,0.851892661934185,0.6401412471252307,0.03311061148163845,,
2023-12-29,,2628.796,4084.888,1456.092,,,,,,1762.77,56495.924,54733.153,229058.971,269238.262,40179.29,0.8507667866315375,0.6435417568364176,0.03120171996832904,,
2024-01-05,,2574.184,4079.406,1505.222,,,,,,1741.469,56493.072,54751.603,233570.335,274493.029,40922.693,0.8509153614972131,0.6310193199696231,0.03082624007418113,,
2024-01-12,,2633.868,4105.346,1471.479,,,,,,1868.031,57536.117,55668.086,243099.602,284691.052,41591.451,0.8539067185012895,0.6415702842099059,0.032467102359375416,,
2024-01-19,,2608.13,3962.762,1354.633,,,,,,1950.57,58479.784,56529.214,248024.841,289354.114,41329.273,0.8571671491769424,0.6581596371419732,0.03335460336173608,,
2024-01-26,,2606.934,3986.731,1379.796,,,,,,2033.514,59111.475,57077.961,249551.911,288254.014,38702.103,0.8657361177284421,0.6539026585942217,0.03440134085640732,,
2024-08-16,,3087.582,5046.19,1958.608,,,,,,2525.584,70057.859,67532.275,270475.923,312884.442,42408.52,0.8644594830956792,0.6118640003646315,0.03604997406500818,,
2024-08-23,,3118.245,4877.307,1759.061,,,,,,2554.99,70277.979,67722.989,273043.869,313642.742,40598.873,0.8705569504299258,0.639337445848703,0.036355484838287676,,
2024-08-30,,3015.781,4911.943,1896.162,,,,,,2701.878,73815.96,71114.082,274874.054,315875.19,41001.135,0.8701983020572145,0.6139690546083291,0.036602897259617025,,
2024-09-06,,3132.285,5127.068,1994.783,,,,,,2658.724,72051.994,69393.27,277877.526,320149.514,42271.988,0.8679617299059839,0.6109310428494413,0.03690007524288641,,
2024-09-13,,3149.51,5298.121,2148.611,,,,,,2724.827,74882.348,72157.52,289157.253,332238.327,43081.074,0.8703308122545417,0.5944579219689395,0.03638810844980449,,
2024-09-20,,4140.399,5829.234,1688.835,,,,,,2418.968,65696.787,63277.82,280706.061,324384.839,43678.778,0.8653488919684067,0.7102818311977183,0.036820187264256926,,
2024-09-27,,3856.433,5666.553,1810.12,,,,,,2428.291,66339.664,63911.373,276421.141,318652.612,42231.471,0.8674686181452044,0.6805606512460044,0.036603908636016,,
2024-10-04,,3509.419,5422.618,1913.199,,,,,,2365.33,65017.307,62651.977,274877.911,318757.112,43879.201,0.8623428329969309,0.6471816749769207,0.03638000571140235,,
2024-10-11,,3416.334,5473.186,2056.852,,,,,,2432.249,66026.578,63594.329,277469.499,322247.613,44778.113,0.8610443888687548,0.6241947560342367,0.03683742325704052,,
2024-10-18,,3414.816,5111.684,1696.868,,,,,,2472.855,66790.712,64317.857,278436.4,324015.074,45578.674,0.8593316247996536,0.6680412951974339,0.037023935304058446,,
2024-10-25,,3344.778,5109.511,1764.733,,,,,,2559.747,66924.539,64364.792,275606.353,318587.694,42981.341,0.8650878806386036,0.654618025090855,0.038248257488930924,,
2024-11-01,,3257.723,5037.143,1779.42,,,,,,2553.652,69301.314,66747.661,273453.87,313364.726,39910.856,0.8726376880083178,0.646740225560402,0.036848536522698545,,
2024-11-08,,3304.257,5172.752,1868.495,,,,,,2559.327,67913.452,65354.125,268761.743,307610.633,38848.89,0.8737075840938179,0.6387812522231879,0.037685126063095715,,
2024-11-15,,3254.154,5137.334,1883.18,,,,,,2639.248,70275.436,67636.188,267173.988,305740.087,38566.099,0.8738598546941606,0.6334324379142956,0.03755576841956555,,
2024-11-22,,3155.604,4766.969,1611.365,,,,,,2691.362,70478.879,67787.516,265996.224,303734.371,37738.147,0.8757527938779112,0.6619728385059772,0.03818678784604392,,
2024-11-29,,3291.252,4981.099,1689.847,,,,,,2813.186,73974.18,71160.994,271619.453,309643.088,38023.635,0.8772017316918116,0.6607481601951698,0.03802929616793319,,
2024-12-06,,3123.114,4904.366,1781.253,,,,,,2849.733,71381.296,68531.563,272825.491,310912.422,38086.931,0.8774994876209866,0.6368027997910434,0.039922685068648794,,
2024-12-13,,3061.037,4869.963,1808.926,,,,,,2823.746,73045.668,70221.922,271444.272,309359.866,37915.595,0.8774385491878899,0.6285544674569397,0.03865726849126768,,
2024-12-20,,3115.236,4556.939,1441.702,,,,,,2473.163,62761.547,60288.384,257100.428,294089.569,36989.141,0.8742249134310507,0.6836246875369628,0.039405704897618285,,
2024-12-27,,3023.02,4411.698,1388.679,,,,,,2306.2,59789.604,57483.403,249312.599,286132.117,36819.518,0.8713198700445081,0.6852282273174637,0.03857192297175944,,
2025-01-03,,3066.55,4483.337,1416.787,,,,,,2400.142,60042.275,57642.133,246359.629,283038.837,36679.208,0.870409275317931,0.683988288188017,0.039974201510519045,,
2025-01-10,,2965.814,4474.173,1508.358,,,,,,2528.544,62171.941,59643.397,256485.992,293716.537,37230.545,0.8732432794548438,0.6628742339645785,0.0406701794946373,,
2025-01-17,,3050.582,4474.31,1423.728,,,,,,2677.608,62710.963,60033.355,263408.904,300996.146,37587.242,0.8751238429478096,0.6817994282917366,0.042697606158591445,,
2025-01-24,,2985.71,4492.381,1506.671,,,,,,2709.425,64481.693,61772.268,269761.97,307481.595,37719.625,0.8773272104302698,0.6646163804895444,0.04201851523966656,,
2025-01-31,,3215.691,4774.68,1558.989,,,,,,2913.951,68058.282,65144.332,267213.894,305188.94,37975.047,0.8755687345681661,0.6734882756540752,0.04281552390640715,,
2025-02-07,,3070.163,4695.765,1625.602,,,,,,2926.999,66751.022,63824.024,265948.566,304250.053,38301.488,0.8741118148630198,0.6538152995305344,0.043849500911012265,,
2025-02-14,,3133.91,4809.613,1675.703,,,,,,2999.762,68142.209,65142.446,274043.196,312566.429,38523.234,0.8767518536035743,0.6515929660037096,0.044022083287614,,
2025-02-21,,3107.44,4538.894,1431.453,,,,,,3012.354,68525.446,65513.092,275526.843,314072.674,38545.832,0.877270981556326,0.6846249328580927,0.04395964091937468,,
2025-02-28,,3117.65,4611.527,1493.876,,,,,,3133.9,73290.474,70156.574,274645.603,313139.895,38494.292,0.877069984966304,0.6760558921155617,0.04275999088230757,,
2025-03-07,,3297.087,4932.891,1635.804,,,,,,3037.258,73071.093,70033.835,288124.052,327216.036,39091.984,0.8805315763925458,0.6683883750928209,0.04156579401378326,,
2025-03-14,,3401.513,5086.76,1685.246,,,,,,3171.749,76248.125,73076.377,287999.997,327494.772,39494.775,0.8794033420478541,0.6686993292390441,0.04159773109174816,,
2025-03-21,,4548.905,5953.109,1404.204,,,,,,2707.644,66906.758,64199.114,280556.692,319444.649,38887.956,0.8782638647360783,0.7641225786391614,0.04046891645833444,,
2025-03-28,,3982.82,5528.978,1546.158,,,,,,2890.891,69534.496,66643.605,277201.754,315961.913,38760.158,0.8773264833347176,0.720353743494729,0.04157491844048169,,
2025-04-04,,4188.629,5954.954,1766.325,,,,,,2903.323,69058.434,66155.11,282458.737,321393.727,38934.99,0.8788557873750908,0.7033856180920961,0.04204154122579727,,
2025-04-11,,4184.462,6092.368,1907.906,,,,,,2973.0,73458.49,70485.489,299019.414,338303.536,39284.122,0.8838790677020886,0.6868367111113446,0.040471836543332154,,
2025-04-18,,4140.405,5777.343,1636.938,,,,,,3040.801,71508.862,68468.061,294919.215,334126.836,39207.621,0.8826564742019106,0.7166624865444201,0.04252341479018363,,
2025-04-25,,4175.026,5892.889,1717.863,,,,,,3167.536,74155.788,70988.252,293940.623,333025.332,39084.709,0.882637429515422,0.7084854304908849,0.04271461588406289,,
2025-05-02,,3803.97,5613.603,1809.633,,,,,,3140.122,76496.347,73356.225,290741.436,329836.503,39095.067,0.8814713755317736,0.677634310798252,0.04104930657669183,,
2025-05-09,,3809.498,5652.858,1843.36,,,,,,3197.362,74156.841,70959.479,291642.998,330824.748,39181.75,0.8815634252368568,0.6739065442648656,0.0431162109507874,,
2025-05-16,,3846.706,5810.08,1963.374,,,,,,3069.79,74409.779,71339.989,292682.155,331684.418,39002.263,0.8824115307098931,0.6620745325365572,0.04125519577205034,,
2025-05-23,,3932.843,5653.394,1720.551,,,,,,3274.726,75685.675,72410.95,299956.743,339329.302,39372.559,0.8839694692797264,0.6956605182656648,0.043267447902129434,,
2025-05-30,,3800.51,5622.714,1822.204,,,,,,3435.2,80254.021,76818.821,299116.766,338436.766,39320.0,0.8838187692645663,0.6759209164826808,0.04280408579153935,,
2025-06-06,,3748.229,5670.549,1922.32,,,,,,3365.844,78750.433,75384.588,301990.262,341515.201,39524.939,0.8842659451635946,0.6609993141757526,0.04274064118479196,,
2025-06-13,,3831.125,5876.872,2045.747,,,,,,3459.534,81161.01,77701.476,305517.505,345140.783,39623.278,0.8851967662135135,0.6518986630983284,0.042625566143151744,,
2025-06-20,,4112.176,5811.642,1699.466,,,,,,3105.162,70687.295,67582.133,291511.657,330575.479,39063.823,0.8818308541269633,0.7075755870716056,0.043928148615674144,,
2025-06-27,,3701.07,5496.273,1795.203,,,,,,3282.458,75038.369,71755.91,298587.956,338154.871,39566.915,0.8829917342814205,0.6733781236849044,0.043743727958692705,,
2025-07-04,,3706.967,5586.286,1879.319,,,,,,3120.936,71274.205,68153.269,301829.831,341588.147,39758.316,0.8836074484750784,0.6635834613551831,0.043787734987714,,
2025-07-11,,3692.249,5703.29,2011.041,,,,,,3203.052,72907.464,69704.412,302676.428,342403.76,39727.332,0.8839751876556496,0.6473893138872475,0.04393311499629173,,
2025-07-18,,3723.658,5519.188,1795.53,,,,,,3092.709,72309.139,69216.43,305172.521,344935.583,39763.062,0.8847232238142274,0.6746749703036026,0.04277065171526935,,
2025-07-25,,3672.043,5597.114,1925.07,,,,,,3201.904,72557.535,69355.632,321908.422,374433.679,52525.257,0.8597207998482423,0.6560600695286893,0.04412917280059197,,
2025-08-01,,3550.296,5617.61,2067.314,,,,,,3256.124,75809.944,72553.82,313202.238,365230.489,52028.251,0.8575468024521907,0.6319940330496421,0.042951146356208884,,
2025-08-08,,3504.931,5648.795,2143.864,,,,,,3252.919,73664.747,70411.828,321654.179,373576.529,51922.35,0.8610128153955839,0.6204741011136004,0.04415842220974437,,
2025-08-15,,3467.11,5690.435,2223.325,,,,,,3244.034,74639.214,71395.18,322431.446,374211.654,51780.207,0.86162855312892,0.6092873391928736,0.04346286390422064,,
2025-08-22,,3543.063,5496.202,1953.139,,,,,,3304.235,74884.406,71580.171,323156.455,374940.9,51784.445,0.8618863799601484,0.6446384248613861,0.04412447365877483,,
2025-08-29,,3548.133,5510.274,1962.142,,,,,,3375.386,79483.202,76107.816,324133.068,375883.266,51750.199,0.862323751331883,0.6439122628021764,0.04246665855258322,,
2025-09-05,,3621.82,5681.613,2059.793,,,,,,3297.627,77192.153,73894.526,330061.316,382142.193,52080.877,0.8637133560386512,0.6374633400761368,0.042719717896714186,,
2025-09-12,,3633.298,5787.484,2154.186,,,,,,3376.411,81169.136,77792.725,341124.194,393817.492,52693.298,0.8661986857607635,0.6277854072685125,0.04159722730078093,,
2025-09-19,,3700.49,5427.992,1727.502,,,,,,3197.261,72110.926,68913.665,331847.296,384528.551,52681.255,0.86299780637095,0.681741977512126,0.044338093786231506,,
2025-09-26,,4872.337,6788.337,1916.0,,,,,,3273.827,74531.323,71257.496,330056.892,382771.482,52714.59,0.862281824851309,0.7177511959114582,0.04392551840251112,,
2025-10-03,,4661.839,6689.373,2027.534,,,,,,3083.657,73328.689,70245.032,330333.066,383239.483,52906.417,0.8619494615068145,0.6969022358298753,0.04205253144509375,,
2025-10-10,,4963.132,7102.825,2139.693,,,,,,3215.288,75213.545,71998.257,333390.424,386362.659,52972.235,0.8628950449375596,0.6987546504383819,0.04274878946338721,,
2025-10-17,,4442.908,6317.689,1874.781,,,,,,3181.776,74637.135,71455.359,339499.739,392321.487,52821.749,0.8653610629284753,0.703248925358624,0.04262993213766847,,
2025-10-24,,4296.086,6264.632,1968.545,,,,,,3277.496,74678.776,71401.28,345682.682,398929.643,53246.961,0.8665254339096581,0.6857682941312435,0.04388791803443592,,
2025-10-31,,4304.801,6336.681,2031.88,,,,,,3469.251,79971.163,76501.912,341969.257,395809.304,53840.047,0.8639747816539451,0.6793463328830978,0.04338127482277581,,
2025-11-07,,4358.299,6485.182,2126.882,,,,,,3348.128,75711.882,72363.753,339640.66,393538.429,53897.768,0.8630431870733518,0.672039581926922,0.04422196241271615,,
2025-11-14,,4505.226,6750.309,2245.083,,,,,,3517.989,78241.662,74723.672,341854.59,395765.568,53910.978,0.8637805247373112,0.6674103363268259,0.04496311696446326,,
2025-11-21,,4346.961,6254.506,1907.545,,,,,,3528.676,77865.253,74336.577,339517.235,393264.433,53747.199,0.8633306409379766,0.6950126836555917,0.04531772342664834,,
2025-11-28,,4491.297,6573.756,2082.459,,,,,,3754.483,83126.753,79372.271,340441.366,394074.366,53633.0,0.8639013226249789,0.6832162617535545,0.04516576029380097,,
2025-12-05,,4327.935,6403.713,2075.778,,,,,,3673.044,79948.438,76275.394,348387.949,401984.351,53596.402,0.866670426680366,0.6758477464558453,0.045942661193705873,,
2025-12-12,,4119.093,6286.577,2167.484,,,,,,3737.473,82886.943,79149.47,344854.028,398633.631,53779.604,0.8650901509110254,0.6552203210109412,0.045091215392031044,,
2025-12-19,,4127.335,5876.828,1749.494,,,,,,3221.736,70828.526,67606.79,330780.856,383576.659,52795.804,0.8623591875020739,0.702306584436366,0.045486418847682925,,
2025-12-26,,3961.908,5670.357,1708.449,,,,,,3078.113,67793.111,64714.998,319250.498,371718.09,52467.592,0.8588511202131701,0.6987052137987079,0.045404510201633906,,
2026-01-02,,4035.089,5797.234,1762.145,,,,,,2962.415,68768.044,65805.629,316220.7,368438.17,52217.47,0.8582734519607456,0.6960369376154214,0.043078366457536585,,
2026-01-09,,3846.086,5778.057,1931.971,,,,,,3153.214,70165.943,67012.729,329246.629,381962.745,52716.116,0.8619862363801999,0.6656365626022727,0.04493938034866858,,
2026-01-16,,3893.49,5978.255,2084.765,,,,,,3280.336,71909.906,68629.569,338296.147,391717.009,53420.863,0.8636238387085202,0.6512753303430515,0.045617303407405364,,
2026-01-23,,4072.68,5969.162,1896.483,,,,,,3376.211,73696.812,70320.601,350310.558,404499.846,54189.288,0.8660338476371138,0.6822867263445019,0.045812171630979094,,
2026-01-30,,4049.096,6047.091,1997.996,,,,,,3874.87,80528.981,76654.11,346391.935,401103.939,54712.004,0.8635964430157341,0.6695940246310168,0.04811770808325514,,
2026-02-06,,4178.609,6267.712,2089.103,,,,,,3958.146,77511.753,73553.607,351024.75,406651.316,55626.567,0.8632081987409578,0.6666880992617402,0.05106510750698672,,
2026-02-13,,4195.209,6402.157,2206.948,,,,,,4068.416,79742.778,75674.362,356008.233,412348.546,56340.313,0.8633672567866895,0.6552805562250348,0.051019240889751793,,
2026-02-20,,4243.77,6310.529,2066.759,,,,,,4085.23,79679.768,75594.538,358404.079,415553.2,57149.121,0.8624745977169711,0.6724903728356213,0.0512706061091945,,
